warning: unused config key `build.x86_64-unknown-linux-gnu` in `/Users/rgiot/Perso/CPC/rust.cpcdemotools/.cargo/config.toml`
warning: profiles for the non root package will be ignored, specify profiles at the workspace root:
package:   /Users/rgiot/Perso/CPC/rust.cpcdemotools/cpclib-bndbuild/Cargo.toml
workspace: /Users/rgiot/Perso/CPC/rust.cpcdemotools/Cargo.toml
warning: profiles for the non root package will be ignored, specify profiles at the workspace root:
package:   /Users/rgiot/Perso/CPC/rust.cpcdemotools/cpclib-cslcli/Cargo.toml
workspace: /Users/rgiot/Perso/CPC/rust.cpcdemotools/Cargo.toml
warning: profiles for the non root package will be ignored, specify profiles at the workspace root:
package:   /Users/rgiot/Perso/CPC/rust.cpcdemotools/cpclib-bndbuild-tauri/src-tauri/Cargo.toml
workspace: /Users/rgiot/Perso/CPC/rust.cpcdemotools/Cargo.toml
warning: use of deprecated method `minus::Pager::set_exit_strategy`: Add a callback for [`PostPagerExit`](crate::hooks::Hook::PostPagerExit) hook. See [`hooks`](crate::hooks) for more info.
  --> cpclib-sna/src/cli.rs:95:24
   |
95 |                 output.set_exit_strategy(ExitStrategy::PagerQuit).unwrap();
   |                        ^^^^^^^^^^^^^^^^^
   |
   = note: `#[warn(deprecated)]` on by default

warning: `cpclib-sna` (lib) generated 1 warning
warning: function `build_tokens` is never used
  --> cpclib-basic/src/string_parser.rs:35:4
   |
35 | fn build_tokens(parts: Vec<&mut Vec<BasicToken>>) -> Vec<BasicToken> {
   |    ^^^^^^^^^^^^
   |
   = note: `#[warn(dead_code)]` (part of `#[warn(unused)]`) on by default

warning: function `build_tokens_with_base` is never used
  --> cpclib-basic/src/string_parser.rs:45:4
   |
45 | fn build_tokens_with_base(base: BasicToken, parts: Vec<&mut Vec<BasicToken>>) -> Vec<BasicToken> {
   |    ^^^^^^^^^^^^^^^^^^^^^^

warning: function `append_optional_pair` is never used
  --> cpclib-basic/src/string_parser.rs:63:4
   |
63 | fn append_optional_pair(
   |    ^^^^^^^^^^^^^^^^^^^^

warning: `cpclib-basic` (lib) generated 3 warnings
warning: cpclib-crunchers@0.11.0: In file included from extra/Shrinkler4.6NoParityContext//basm_bridge.cpp:12:
warning: cpclib-crunchers@0.11.0: In file included from extra/Shrinkler4.6NoParityContext/HunkFile.h:27:
warning: cpclib-crunchers@0.11.0: In file included from extra/Shrinkler4.6NoParityContext/Pack.h:11:
warning: cpclib-crunchers@0.11.0: In file included from extra/Shrinkler4.6NoParityContext/RangeCoder.h:19:
warning: cpclib-crunchers@0.11.0: extra/Shrinkler4.6NoParityContext/Coder.h:59:20: warning: comparison of integers of different signs: 'size_type' (aka 'unsigned long') and 'int' [-Wsign-compare]
warning: cpclib-crunchers@0.11.0:    59 |                                                 if (c.size() > max_number) goto next_context;
warning: cpclib-crunchers@0.11.0:       |                                                     ~~~~~~~~ ^ ~~~~~~~~~~
warning: cpclib-crunchers@0.11.0: extra/Shrinkler4.6NoParityContext/Coder.h:90:15: warning: comparison of integers of different signs: 'int' and 'size_type' (aka 'unsigned long') [-Wsign-compare]
warning: cpclib-crunchers@0.11.0:    90 |                         if (number < cache_for_context.size()) {
warning: cpclib-crunchers@0.11.0:       |                             ~~~~~~ ^ ~~~~~~~~~~~~~~~~~~~~~~~~
warning: cpclib-crunchers@0.11.0: In file included from extra/Shrinkler4.6NoParityContext//basm_bridge.cpp:12:
warning: cpclib-crunchers@0.11.0: In file included from extra/Shrinkler4.6NoParityContext/HunkFile.h:27:
warning: cpclib-crunchers@0.11.0: In file included from extra/Shrinkler4.6NoParityContext/Pack.h:11:
warning: cpclib-crunchers@0.11.0: extra/Shrinkler4.6NoParityContext/RangeCoder.h:52:19: warning: comparison of integers of different signs: 'int' and 'size_type' (aka 'unsigned long') [-Wsign-compare]
warning: cpclib-crunchers@0.11.0:    52 |                         while (longpos >= out.size()) {
warning: cpclib-crunchers@0.11.0:       |                                ~~~~~~~ ^  ~~~~~~~~~~
warning: cpclib-crunchers@0.11.0: extra/Shrinkler4.6NoParityContext/RangeCoder.h:69:24: warning: comparison of integers of different signs: 'int' and 'size_type' (aka 'unsigned long') [-Wsign-compare]
warning: cpclib-crunchers@0.11.0:    69 |                 assert(context_index < contexts.size());
warning: cpclib-crunchers@0.11.0:       |                        ~~~~~~~~~~~~~ ^ ~~~~~~~~~~~~~~~
warning: cpclib-crunchers@0.11.0: extra/Shrinkler4.6NoParityContext/assert.h:35:23: note: expanded from macro 'assert'
warning: cpclib-crunchers@0.11.0:    35 | #define assert(__e) ((__e) ? (void)0 : _assert_func (__FILE__, __LINE__, #__e))
warning: cpclib-crunchers@0.11.0:       |                       ^~~
warning: cpclib-crunchers@0.11.0: In file included from extra/Shrinkler4.6NoParityContext//basm_bridge.cpp:12:
warning: cpclib-crunchers@0.11.0: In file included from extra/Shrinkler4.6NoParityContext/HunkFile.h:27:
warning: cpclib-crunchers@0.11.0: In file included from extra/Shrinkler4.6NoParityContext/Pack.h:11:
warning: cpclib-crunchers@0.11.0: extra/Shrinkler4.6NoParityContext/RangeCoder.h:113:20: warning: comparison of integers of different signs: 'int' and 'unsigned int' [-Wsign-compare]
warning: cpclib-crunchers@0.11.0:   113 |                 while (final_min < intervalmin || final_min + final_size >= intervalmax) {
warning: cpclib-crunchers@0.11.0:       |                        ~~~~~~~~~ ^ ~~~~~~~~~~~
warning: cpclib-crunchers@0.11.0: extra/Shrinkler4.6NoParityContext/RangeCoder.h:122:30: warning: comparison of integers of different signs: 'int' and 'size_type' (aka 'unsigned long') [-Wsign-compare]
warning: cpclib-crunchers@0.11.0:   122 |                 while ((dest_bit - 1) >> 5 >= out.size()) {
warning: cpclib-crunchers@0.11.0:       |                        ~~~~~~~~~~~~~~~~~~~ ^  ~~~~~~~~~~
warning: cpclib-crunchers@0.11.0: In file included from extra/Shrinkler4.6NoParityContext//basm_bridge.cpp:12:
warning: cpclib-crunchers@0.11.0: In file included from extra/Shrinkler4.6NoParityContext/HunkFile.h:27:
warning: cpclib-crunchers@0.11.0: In file included from extra/Shrinkler4.6NoParityContext/Pack.h:12:
warning: cpclib-crunchers@0.11.0: extra/Shrinkler4.6NoParityContext/MatchFinder.h:158:29: warning: comparison of integers of different signs: 'size_type' (aka 'unsigned long') and 'int' [-Wsign-compare]
warning: cpclib-crunchers@0.11.0:   158 |                                 if (match_buffer.size() < max_same_length) {
warning: cpclib-crunchers@0.11.0:       |                                     ~~~~~~~~~~~~~~~~~~~ ^ ~~~~~~~~~~~~~~~
warning: cpclib-crunchers@0.11.0: In file included from extra/Shrinkler4.6NoParityContext//basm_bridge.cpp:12:
warning: cpclib-crunchers@0.11.0: In file included from extra/Shrinkler4.6NoParityContext/HunkFile.h:27:
warning: cpclib-crunchers@0.11.0: In file included from extra/Shrinkler4.6NoParityContext/Pack.h:13:
warning: cpclib-crunchers@0.11.0: extra/Shrinkler4.6NoParityContext/CountingCoder.h:33:22: warning: comparison of integers of different signs: 'int' and 'size_type' (aka 'unsigned long') [-Wsign-compare]
warning: cpclib-crunchers@0.11.0:    33 |                 for (int i = 0 ; i < old_counts->context_counts.size() ; i++) {
warning: cpclib-crunchers@0.11.0:       |                                  ~ ^ ~~~~~~~~~~~~~~~~~~~~~~~~~~~~~~~~~
warning: cpclib-crunchers@0.11.0: In file included from extra/Shrinkler4.6NoParityContext//basm_bridge.cpp:12:
warning: cpclib-crunchers@0.11.0: In file included from extra/Shrinkler4.6NoParityContext/HunkFile.h:27:
warning: cpclib-crunchers@0.11.0: In file included from extra/Shrinkler4.6NoParityContext/Pack.h:14:
warning: cpclib-crunchers@0.11.0: extra/Shrinkler4.6NoParityContext/SizeMeasuringCoder.h:44:22: warning: comparison of integers of different signs: 'int' and 'size_type' (aka 'unsigned long') [-Wsign-compare]
warning: cpclib-crunchers@0.11.0:    44 |                 for (int i = 0 ; i < counting_coder->context_counts.size() ; i++) {
warning: cpclib-crunchers@0.11.0:       |                                  ~ ^ ~~~~~~~~~~~~~~~~~~~~~~~~~~~~~~~~~~~~~
warning: cpclib-crunchers@0.11.0: In file included from extra/Shrinkler4.6NoParityContext//basm_bridge.cpp:12:
warning: cpclib-crunchers@0.11.0: In file included from extra/Shrinkler4.6NoParityContext/HunkFile.h:27:
warning: cpclib-crunchers@0.11.0: In file included from extra/Shrinkler4.6NoParityContext/Pack.h:16:
warning: cpclib-crunchers@0.11.0: In file included from extra/Shrinkler4.6NoParityContext/LZParser.h:51:
warning: cpclib-crunchers@0.11.0: extra/Shrinkler4.6NoParityContext/CuckooHash.h:144:31: warning: unused parameter 'source' [-Wunused-parameter]
warning: cpclib-crunchers@0.11.0:   144 |         CuckooHash(const CuckooHash& source) {
warning: cpclib-crunchers@0.11.0:       |                                      ^
warning: cpclib-crunchers@0.11.0: In file included from extra/Shrinkler4.6NoParityContext//basm_bridge.cpp:12:
warning: cpclib-crunchers@0.11.0: In file included from extra/Shrinkler4.6NoParityContext/HunkFile.h:27:
warning: cpclib-crunchers@0.11.0: extra/Shrinkler4.6NoParityContext/Pack.h:67:25: warning: unused parameter 'size' [-Wunused-parameter]
warning: cpclib-crunchers@0.11.0:    67 |         virtual void begin(int size) {
warning: cpclib-crunchers@0.11.0:       |                                ^
warning: cpclib-crunchers@0.11.0: extra/Shrinkler4.6NoParityContext/Pack.h:71:26: warning: unused parameter 'pos' [-Wunused-parameter]
warning: cpclib-crunchers@0.11.0:    71 |         virtual void update(int pos) {
warning: cpclib-crunchers@0.11.0:       |                                 ^
warning: cpclib-crunchers@0.11.0: In file included from extra/Shrinkler4.6NoParityContext//basm_bridge.cpp:12:
warning: cpclib-crunchers@0.11.0: In file included from extra/Shrinkler4.6NoParityContext/HunkFile.h:28:
warning: cpclib-crunchers@0.11.0: extra/Shrinkler4.6NoParityContext/RangeDecoder.h:47:19: warning: comparison of integers of different signs: 'int' and 'size_type' (aka 'unsigned long') [-Wsign-compare]
warning: cpclib-crunchers@0.11.0:    47 |                 if (bit_index++ >= data.size() * 32) {
warning: cpclib-crunchers@0.11.0:       |                     ~~~~~~~~~~~ ^  ~~~~~~~~~~~~~~~~
warning: cpclib-crunchers@0.11.0: extra/Shrinkler4.6NoParityContext/RangeDecoder.h:66:24: warning: comparison of integers of different signs: 'int' and 'size_type' (aka 'unsigned long') [-Wsign-compare]
warning: cpclib-crunchers@0.11.0:    66 |                 assert(context_index < contexts.size());
warning: cpclib-crunchers@0.11.0:       |                        ~~~~~~~~~~~~~ ^ ~~~~~~~~~~~~~~~
warning: cpclib-crunchers@0.11.0: extra/Shrinkler4.6NoParityContext/assert.h:35:23: note: expanded from macro 'assert'
warning: cpclib-crunchers@0.11.0:    35 | #define assert(__e) ((__e) ? (void)0 : _assert_func (__FILE__, __LINE__, #__e))
warning: cpclib-crunchers@0.11.0:       |                       ^~~
warning: cpclib-crunchers@0.11.0: In file included from extra/Shrinkler4.6NoParityContext//basm_bridge.cpp:12:
warning: cpclib-crunchers@0.11.0: In file included from extra/Shrinkler4.6NoParityContext/HunkFile.h:29:
warning: cpclib-crunchers@0.11.0: extra/Shrinkler4.6NoParityContext/LZDecoder.h:40:7: warning: variable 'pos' set but not used [-Wunused-but-set-variable]
warning: cpclib-crunchers@0.11.0:    40 |                 int pos = 0;
warning: cpclib-crunchers@0.11.0:       |                     ^
warning: cpclib-crunchers@0.11.0: In file included from extra/Shrinkler4.6NoParityContext//basm_bridge.cpp:12:
warning: cpclib-crunchers@0.11.0: extra/Shrinkler4.6NoParityContext/HunkFile.h:140:16: warning: unused parameter 'index' [-Wunused-parameter]
warning: cpclib-crunchers@0.11.0:   140 |         void read(int index) {
warning: cpclib-crunchers@0.11.0:       |                       ^
warning: cpclib-crunchers@0.11.0: extra/Shrinkler4.6NoParityContext/HunkFile.h:156:59: warning: unused parameter 'overlap' [-Wunused-parameter]
warning: cpclib-crunchers@0.11.0:   156 |         vector<unsigned> compress_hunks(PackParams *params, bool overlap, bool mini, RefEdgeFactory *edge_factory, bool show_progress) {
warning: cpclib-crunchers@0.11.0:       |                                                                  ^
warning: cpclib-crunchers@0.11.0: extra/Shrinkler4.6NoParityContext/HunkFile.h:207:25: warning: comparison of integers of different signs: 'unsigned int' and 'int' [-Wsign-compare]
warning: cpclib-crunchers@0.11.0:   207 |                                                         if (data[spos++] == rh) {
warning: cpclib-crunchers@0.11.0:       |                                                             ~~~~~~~~~~~~ ^  ~~
warning: cpclib-crunchers@0.11.0: extra/Shrinkler4.6NoParityContext/HunkFile.h:218:27: warning: comparison of integers of different signs: 'int' and 'size_type' (aka 'unsigned long') [-Wsign-compare]
warning: cpclib-crunchers@0.11.0:   218 |                                         for (int ri = 0 ; ri < offsets.size() ; ri++) {
warning: cpclib-crunchers@0.11.0:       |                                                           ~~ ^ ~~~~~~~~~~~~~~
warning: cpclib-crunchers@0.11.0: extra/Shrinkler4.6NoParityContext/HunkFile.h:241:68: warning: unused parameter 'overlap' [-Wunused-parameter]
warning: cpclib-crunchers@0.11.0:   241 |         vector<pair<int,int> > verify(vector<unsigned>& pack_buffer, bool overlap, bool mini) {
warning: cpclib-crunchers@0.11.0:       |                                                                           ^
warning: cpclib-crunchers@0.11.0: extra/Shrinkler4.6NoParityContext/HunkFile.h:368:43: warning: comparison of integers of different signs: 'unsigned int' and 'int' [-Wsign-compare]
warning: cpclib-crunchers@0.11.0:   368 |                 if (data[index++] != 0 || data[index++] != numhunks-1) {
warning: cpclib-crunchers@0.11.0:       |                                           ~~~~~~~~~~~~~ ^  ~~~~~~~~~~
warning: cpclib-crunchers@0.11.0: extra/Shrinkler4.6NoParityContext/HunkFile.h:479:58: warning: comparison of integers of different signs: 'unsigned int' and 'int' [-Wsign-compare]
warning: cpclib-crunchers@0.11.0:   479 |                                                         if (n < 0 || index+n+2 >= length || data[index++] >= numhunks) {
warning: cpclib-crunchers@0.11.0:       |                                                                                             ~~~~~~~~~~~~~ ^  ~~~~~~~~
warning: cpclib-crunchers@0.11.0: extra/Shrinkler4.6NoParityContext/HunkFile.h:485:27: warning: comparison of integers of different signs: 'unsigned int' and 'int' [-Wsign-compare]
warning: cpclib-crunchers@0.11.0:   485 |                                                                 if (data[index++] > hunks[h].memsize*4-4) {
warning: cpclib-crunchers@0.11.0:       |                                                                     ~~~~~~~~~~~~~ ^ ~~~~~~~~~~~~~~~~~~~~
warning: cpclib-crunchers@0.11.0: extra/Shrinkler4.6NoParityContext/HunkFile.h:622:27: warning: comparison of integers of different signs: 'int' and 'size_type' (aka 'unsigned long') [-Wsign-compare]
warning: cpclib-crunchers@0.11.0:   622 |                         for (int shi = 0 ; shi < hunklist[dh].second.size() ; shi++) {
warning: cpclib-crunchers@0.11.0:       |                                            ~~~ ^ ~~~~~~~~~~~~~~~~~~~~~~~~~~
warning: cpclib-crunchers@0.11.0: extra/Shrinkler4.6NoParityContext/HunkFile.h:647:27: warning: comparison of integers of different signs: 'int' and 'size_type' (aka 'unsigned long') [-Wsign-compare]
warning: cpclib-crunchers@0.11.0:   647 |                         for (int shi = 0 ; shi < hunklist[dh].second.size() ; shi++) {
warning: cpclib-crunchers@0.11.0:       |                                            ~~~ ^ ~~~~~~~~~~~~~~~~~~~~~~~~~~
warning: cpclib-crunchers@0.11.0: extra/Shrinkler4.6NoParityContext/HunkFile.h:668:24: warning: comparison of integers of different signs: 'int' and 'size_type' (aka 'unsigned long') [-Wsign-compare]
warning: cpclib-crunchers@0.11.0:   668 |                 for (int dh = 0 ; dh < ef->hunks.size() ; dh++) {
warning: cpclib-crunchers@0.11.0:       |                                   ~~ ^ ~~~~~~~~~~~~~~~~
warning: cpclib-crunchers@0.11.0: extra/Shrinkler4.6NoParityContext/HunkFile.h:681:27: warning: comparison of integers of different signs: 'int' and 'size_type' (aka 'unsigned long') [-Wsign-compare]
warning: cpclib-crunchers@0.11.0:   681 |                         for (int shi = 0 ; shi < hunklist[dh].second.size() ; shi++) {
warning: cpclib-crunchers@0.11.0:       |                                            ~~~ ^ ~~~~~~~~~~~~~~~~~~~~~~~~~~
warning: cpclib-crunchers@0.11.0: extra/Shrinkler4.6NoParityContext/HunkFile.h:702:27: warning: comparison of integers of different signs: 'int' and 'size_type' (aka 'unsigned long') [-Wsign-compare]
warning: cpclib-crunchers@0.11.0:   702 |                         for (int drh = 0 ; drh < ef->hunks.size() ; drh++) {
warning: cpclib-crunchers@0.11.0:       |                                            ~~~ ^ ~~~~~~~~~~~~~~~~
warning: cpclib-crunchers@0.11.0: extra/Shrinkler4.6NoParityContext/HunkFile.h:774:22: warning: comparison of integers of different signs: 'int' and 'size_type' (aka 'unsigned long') [-Wsign-compare]
warning: cpclib-crunchers@0.11.0:   774 |                 for (int h = 1 ; h < hunks.size() ; h++) {
warning: cpclib-crunchers@0.11.0:       |                                  ~ ^ ~~~~~~~~~~~~
warning: cpclib-crunchers@0.11.0: In file included from extra/Shrinkler4.6NoParityContext//basm_bridge.cpp:13:
warning: cpclib-crunchers@0.11.0: extra/Shrinkler4.6NoParityContext/DataFile.h:68:33: warning: comparison of integers of different signs: 'int' and 'size_type' (aka 'unsigned long') [-Wsign-compare]
warning: cpclib-crunchers@0.11.0:    68 |                 if (!error && verifier.size() != data.size()) {
warning: cpclib-crunchers@0.11.0:       |                               ~~~~~~~~~~~~~~~ ^  ~~~~~~~~~~~
warning: cpclib-crunchers@0.11.0: extra/Shrinkler4.6NoParityContext/DataFile.h:139:22: warning: comparison of integers of different signs: 'int' and 'size_type' (aka 'unsigned long') [-Wsign-compare]
warning: cpclib-crunchers@0.11.0:   139 |                 for (int i = 0 ; i < pack_buffer.size() ; i++) {
warning: cpclib-crunchers@0.11.0:       |                                  ~ ^ ~~~~~~~~~~~~~~~~~~
warning: cpclib-crunchers@0.11.0: extra/Shrinkler4.6NoParityContext//basm_bridge.cpp:41:7: warning: unused variable 'show_progress' [-Wunused-variable]
warning: cpclib-crunchers@0.11.0:    41 |         bool show_progress = true; // TODO set to false ASAP
warning: cpclib-crunchers@0.11.0:       |              ^~~~~~~~~~~~~
warning: cpclib-crunchers@0.11.0: In file included from extra/Shrinkler4.6NoParityContext//basm_bridge.cpp:12:
warning: cpclib-crunchers@0.11.0: In file included from extra/Shrinkler4.6NoParityContext/HunkFile.h:27:
warning: cpclib-crunchers@0.11.0: In file included from extra/Shrinkler4.6NoParityContext/Pack.h:16:
warning: cpclib-crunchers@0.11.0: In file included from extra/Shrinkler4.6NoParityContext/LZParser.h:50:
warning: cpclib-crunchers@0.11.0: extra/Shrinkler4.6NoParityContext/Heap.h:83:25: warning: comparison of integers of different signs: 'int' and 'size_type' (aka 'unsigned long') [-Wsign-compare]
warning: cpclib-crunchers@0.11.0:    83 |                 return t->_heap_index < elements.size() && elements[t->_heap_index] == t;
warning: cpclib-crunchers@0.11.0:       |                        ~~~~~~~~~~~~~~ ^ ~~~~~~~~~~~~~~~
warning: cpclib-crunchers@0.11.0: extra/Shrinkler4.6NoParityContext/LZParser.h:228:21: note: in instantiation of member function 'Heap<RefEdge *>::contains' requested here
warning: cpclib-crunchers@0.11.0:   228 |                 return root_edges.contains(edge);
warning: cpclib-crunchers@0.11.0:       |                                   ^
warning: cpclib-crunchers@0.11.0: In file included from extra/Shrinkler4.6NoParityContext//basm_bridge.cpp:12:
warning: cpclib-crunchers@0.11.0: In file included from extra/Shrinkler4.6NoParityContext/HunkFile.h:27:
warning: cpclib-crunchers@0.11.0: In file included from extra/Shrinkler4.6NoParityContext/Pack.h:16:
warning: cpclib-crunchers@0.11.0: In file included from extra/Shrinkler4.6NoParityContext/LZParser.h:50:
warning: cpclib-crunchers@0.11.0: extra/Shrinkler4.6NoParityContext/Heap.h:43:16: warning: comparison of integers of different signs: 'int' and 'size_type' (aka 'unsigned long') [-Wsign-compare]
warning: cpclib-crunchers@0.11.0:    43 |                 while (i*2+1 < elements.size()) {
warning: cpclib-crunchers@0.11.0:       |                        ~~~~~ ^ ~~~~~~~~~~~~~~~
warning: cpclib-crunchers@0.11.0: extra/Shrinkler4.6NoParityContext/Heap.h:59:3: note: in instantiation of member function 'Heap<RefEdge *>::down' requested here
warning: cpclib-crunchers@0.11.0:    59 |                 down(i);
warning: cpclib-crunchers@0.11.0:       |                 ^
warning: cpclib-crunchers@0.11.0: extra/Shrinkler4.6NoParityContext/Heap.h:74:4: note: in instantiation of member function 'Heap<RefEdge *>::remove_index' requested here
warning: cpclib-crunchers@0.11.0:    74 |                         remove_index(t->_heap_index);
warning: cpclib-crunchers@0.11.0:       |                         ^
warning: cpclib-crunchers@0.11.0: extra/Shrinkler4.6NoParityContext/LZParser.h:232:14: note: in instantiation of member function 'Heap<RefEdge *>::remove' requested here
warning: cpclib-crunchers@0.11.0:   232 |                 root_edges.remove(edge);
warning: cpclib-crunchers@0.11.0:       |                            ^
warning: cpclib-crunchers@0.11.0: In file included from extra/Shrinkler4.6NoParityContext//basm_bridge.cpp:12:
warning: cpclib-crunchers@0.11.0: In file included from extra/Shrinkler4.6NoParityContext/HunkFile.h:27:
warning: cpclib-crunchers@0.11.0: In file included from extra/Shrinkler4.6NoParityContext/Pack.h:16:
warning: cpclib-crunchers@0.11.0: In file included from extra/Shrinkler4.6NoParityContext/LZParser.h:50:
warning: cpclib-crunchers@0.11.0: extra/Shrinkler4.6NoParityContext/Heap.h:46:17: warning: comparison of integers of different signs: 'int' and 'size_type' (aka 'unsigned long') [-Wsign-compare]
warning: cpclib-crunchers@0.11.0:    46 |                         int ci = ci2 < elements.size() && compare(elements[ci1], elements[ci2]) ? ci2 : ci1;
warning: cpclib-crunchers@0.11.0:       |                                  ~~~ ^ ~~~~~~~~~~~~~~~
warning: cpclib-crunchers@0.11.0: 35 warnings generated.
warning: cpclib-crunchers@0.11.0: extra/lzsa/lzsa-master/src/matchfinder.c:98:19: warning: comparison of integers of different signs: 'int' and 'unsigned int' [-Wsign-compare]
warning: cpclib-crunchers@0.11.0:    98 |          if (nLen > LCP_MAX)
warning: cpclib-crunchers@0.11.0:       |              ~~~~ ^ ~~~~~~~
warning: cpclib-crunchers@0.11.0: extra/lzsa/lzsa-master/src/matchfinder.c:112:19: warning: comparison of integers of different signs: 'int' and 'unsigned int' [-Wsign-compare]
warning: cpclib-crunchers@0.11.0:   112 |          if (nLen > LCP_AND_TAG_MAX)
warning: cpclib-crunchers@0.11.0:       |              ~~~~ ^ ~~~~~~~~~~~~~~~
warning: cpclib-crunchers@0.11.0: 2 warnings generated.
warning: cpclib-crunchers@0.11.0: extra/lzsa/lzsa-master/src/shrink_block_v2.c:238:52: warning: comparison of integers of different signs: 'int' and 'unsigned int' [-Wsign-compare]
warning: cpclib-crunchers@0.11.0:   238 |                                     if (nMaxRepLen > LCP_MAX)
warning: cpclib-crunchers@0.11.0:       |                                         ~~~~~~~~~~ ^ ~~~~~~~
warning: cpclib-crunchers@0.11.0: extra/lzsa/lzsa-master/src/shrink_block_v2.c:425:31: warning: comparison of integers of different signs: 'int' and 'unsigned int' [-Wsign-compare]
warning: cpclib-crunchers@0.11.0:   425 |          if (nMaxRepLenForPos > LCP_MAX)
warning: cpclib-crunchers@0.11.0:       |              ~~~~~~~~~~~~~~~~ ^ ~~~~~~~
warning: cpclib-crunchers@0.11.0: extra/lzsa/lzsa-master/src/shrink_block_v2.c:692:24: warning: comparison of integers of different signs: 'int' and 'unsigned int' [-Wsign-compare]
warning: cpclib-crunchers@0.11.0:   692 |          if (nMatchLen >= LCP_MAX && ((m + 1) >= NMATCHES_PER_INDEX_V2 || (match[m + 1].length & 0x7fff) < LCP_MAX))
warning: cpclib-crunchers@0.11.0:       |              ~~~~~~~~~ ^  ~~~~~~~
warning: cpclib-crunchers@0.11.0: 3 warnings generated.
warning: cpclib-crunchers@0.11.0: extra/lzsa/lzsa-master/src/shrink_streaming.c:179:69: warning: comparison of integers of different signs: 'size_t' (aka 'unsigned long') and 'int' [-Wsign-compare]
warning: cpclib-crunchers@0.11.0:   179 |          if (pOutStream->write(pOutStream, cFrameData, nHeaderSize) != nHeaderSize)
warning: cpclib-crunchers@0.11.0:       |              ~~~~~~~~~~~~~~~~~~~~~~~~~~~~~~~~~~~~~~~~~~~~~~~~~~~~~~ ^  ~~~~~~~~~~~
warning: cpclib-crunchers@0.11.0: extra/lzsa/lzsa-master/src/shrink_streaming.c:284:66: warning: comparison of integers of different signs: 'size_t' (aka 'unsigned long') and 'int' [-Wsign-compare]
warning: cpclib-crunchers@0.11.0:   284 |       if (pOutStream->write(pOutStream, cFrameData, nFooterSize) != nFooterSize)
warning: cpclib-crunchers@0.11.0:       |           ~~~~~~~~~~~~~~~~~~~~~~~~~~~~~~~~~~~~~~~~~~~~~~~~~~~~~~ ^  ~~~~~~~~~~~
warning: cpclib-crunchers@0.11.0: 2 warnings generated.
warning: unexpected `cfg` condition value: `exo`
   --> cpclib-asm/src/implementation/instructions.rs:183:23
    |
183 |             #[cfg(all(feature = "exo", not(target_arch = "wasm32")))]
    |                       ^^^^^^^^^^^^^^^
    |
    = note: expected values for `feature` are: `apultra`, `chardet`, `colored_errors`, `default`, `exomizer`, `hfe`, `indicatif`, `lz4`, `lz48`, `lz49`, `lzsa`, `pucrunch`, `rayon`, `shrinkler`, `upkr`, `zx0`, and `zx7`
    = help: consider adding `exo` as a feature in `Cargo.toml`
    = note: see <https://doc.rust-lang.org/nightly/rustc/check-cfg/cargo-specifics.html> for more information about checking conditional configuration
    = note: `#[warn(unexpected_cfgs)]` on by default

warning: unexpected `cfg` condition value: `exo`
   --> cpclib-asm/src/implementation/instructions.rs:185:27
    |
185 |             #[cfg(not(all(feature = "exo", not(target_arch = "wasm32"))))]
    |                           ^^^^^^^^^^^^^^^
    |
    = note: expected values for `feature` are: `apultra`, `chardet`, `colored_errors`, `default`, `exomizer`, `hfe`, `indicatif`, `lz4`, `lz48`, `lz49`, `lzsa`, `pucrunch`, `rayon`, `shrinkler`, `upkr`, `zx0`, and `zx7`
    = help: consider adding `exo` as a feature in `Cargo.toml`
    = note: see <https://doc.rust-lang.org/nightly/rustc/check-cfg/cargo-specifics.html> for more information about checking conditional configuration

warning: unexpected `cfg` condition name: `test_to_clean`
    --> cpclib-asm/src/assembler/mod.rs:7411:7
     |
7411 | #[cfg(test_to_clean)]
     |       ^^^^^^^^^^^^^
     |
     = help: expected names are: `docsrs`, `feature`, and `test` and 32 more
     = help: consider using a Cargo feature instead
     = help: or consider adding in `Cargo.toml` the `check-cfg` lint config for the lint:
              [lints.rust]
              unexpected_cfgs = { level = "warn", check-cfg = ['cfg(test_to_clean)'] }
     = help: or consider adding `println!("cargo::rustc-check-cfg=cfg(test_to_clean)");` to the top of the `build.rs`
     = note: see <https://doc.rust-lang.org/nightly/rustc/check-cfg/cargo-specifics.html> for more information about checking conditional configuration

warning: unexpected `cfg` condition value: `chardetng`
   --> cpclib-asm/src/assembler/file.rs:406:11
    |
406 | #[cfg(all(feature = "chardetng", not(target_arch = "wasm32")))]
    |           ^^^^^^^^^^-----------
    |                     |
    |                     help: there is a expected value with a similar name: `"chardet"`
    |
    = note: expected values for `feature` are: `apultra`, `chardet`, `colored_errors`, `default`, `exomizer`, `hfe`, `indicatif`, `lz4`, `lz48`, `lz49`, `lzsa`, `pucrunch`, `rayon`, `shrinkler`, `upkr`, `zx0`, and `zx7`
    = help: consider adding `chardetng` as a feature in `Cargo.toml`
    = note: see <https://doc.rust-lang.org/nightly/rustc/check-cfg/cargo-specifics.html> for more information about checking conditional configuration

warning: unexpected `cfg` condition value: `chardetng`
   --> cpclib-asm/src/assembler/file.rs:418:15
    |
418 | #[cfg(any(not(feature = "chardetng"), target_arch = "wasm32"))]
    |               ^^^^^^^^^^-----------
    |                         |
    |                         help: there is a expected value with a similar name: `"chardet"`
    |
    = note: expected values for `feature` are: `apultra`, `chardet`, `colored_errors`, `default`, `exomizer`, `hfe`, `indicatif`, `lz4`, `lz48`, `lz49`, `lzsa`, `pucrunch`, `rayon`, `shrinkler`, `upkr`, `zx0`, and `zx7`
    = help: consider adding `chardetng` as a feature in `Cargo.toml`
    = note: see <https://doc.rust-lang.org/nightly/rustc/check-cfg/cargo-specifics.html> for more information about checking conditional configuration

warning: unreachable expression
  --> cpclib-asm/src/assembler/function.rs:81:9
   |
81 | /         Self {
82 | |             name: self.name.clone(),
83 | |             args: self.args.clone(),
84 | |             #[allow(unused)]
85 | |             inner: todo!()
   | |                    ------- any code following this expression is unreachable
86 | |         }
   | |_________^ unreachable expression
   |
   = note: `#[warn(unreachable_code)]` (part of `#[warn(unused)]`) on by default

warning: unreachable pattern
   --> cpclib-asm/src/implementation/expression.rs:212:25
    |
212 |                         _ => unreachable!()
    |                         ^ no value can reach this
...
351 |         resolve_impl!(self, env)
    |         ------------------------ in this macro invocation
    |
note: multiple earlier patterns match some of the same values
   --> cpclib-asm/src/implementation/expression.rs:212:25
    |
195 |                         Some(_e) => Err(AssemblerError::WrongSymbolType {
    |                         -------- matches some of the same values
...
199 |                         None => Err(if $env.pass().is_first_pass() {
    |                         ---- matches some of the same values
...
212 |                         _ => unreachable!()
    |                         ^ collectively making this unreachable
...
351 |         resolve_impl!(self, env)
    |         ------------------------ in this macro invocation
    = note: `#[warn(unreachable_patterns)]` (part of `#[warn(unused)]`) on by default
    = note: this warning originates in the macro `resolve_impl` (in Nightly builds, run with -Z macro-backtrace for more info)

warning: unreachable pattern
   --> cpclib-asm/src/implementation/expression.rs:212:25
    |
212 |                         _ => unreachable!()
    |                         ^ no value can reach this
    |
   ::: cpclib-asm/src/parser/obtained.rs:472:19
    |
472 |         let res = resolve_impl!(self, env).map_err(|e| e.locate(self.span().clone()))?;
    |                   ------------------------ in this macro invocation
    |
note: multiple earlier patterns match some of the same values
   --> cpclib-asm/src/implementation/expression.rs:212:25
    |
195 |                         Some(_e) => Err(AssemblerError::WrongSymbolType {
    |                         -------- matches some of the same values
...
199 |                         None => Err(if $env.pass().is_first_pass() {
    |                         ---- matches some of the same values
...
212 |                         _ => unreachable!()
    |                         ^ collectively making this unreachable
    |
   ::: cpclib-asm/src/parser/obtained.rs:472:19
    |
472 |         let res = resolve_impl!(self, env).map_err(|e| e.locate(self.span().clone()))?;
    |                   ------------------------ in this macro invocation
    = note: this warning originates in the macro `resolve_impl` (in Nightly builds, run with -Z macro-backtrace for more info)

warning: unreachable pattern
    --> cpclib-asm/src/assembler/mod.rs:1427:17
     |
1427 |                 _ => unimplemented!()
     |                 ^ no value can reach this
     |
note: multiple earlier patterns match some of the same values
    --> cpclib-asm/src/assembler/mod.rs:1427:17
     |
1410 |                 (_, Ok(_)) => {
     |                 ---------- matches some of the same values
...
1413 |                 (Some(existing), Err(new_err)) => {
     |                 ------------------------------ matches some of the same values
...
1424 |                 (None, Err(l_errors)) => {
     |                 --------------------- matches some of the same values
...
1427 |                 _ => unimplemented!()
     |                 ^ collectively making this unreachable
     = note: the full name for the type has been written to '/Users/rgiot/Perso/CPC/rust.cpcdemotools/target/debug/deps/cpclib_asm-4131d41ecf6f23d1.long-type-11528570685048003583.txt'
     = note: consider using `--verbose` to print the full type name to the console

warning: unreachable pattern
    --> cpclib-asm/src/assembler/mod.rs:1493:17
     |
1493 |                 _ => unreachable!()
     |                 ^ no value can reach this
     |
note: multiple earlier patterns match some of the same values
    --> cpclib-asm/src/assembler/mod.rs:1493:17
     |
1476 |                 (_, Ok(_)) => {
     |                 ---------- matches some of the same values
...
1479 |                 (Some(existing), Err(new_err)) => {
     |                 ------------------------------ matches some of the same values
...
1490 |                 (None, Err(l_errors)) => {
     |                 --------------------- matches some of the same values
...
1493 |                 _ => unreachable!()
     |                 ^ collectively making this unreachable
     = note: the full name for the type has been written to '/Users/rgiot/Perso/CPC/rust.cpcdemotools/target/debug/deps/cpclib_asm-4131d41ecf6f23d1.long-type-11528570685048003583.txt'
     = note: consider using `--verbose` to print the full type name to the console

warning: constant `ERR_BASIC_ERROR_IN_BLOCK` is never used
  --> cpclib-asm/src/parser/directives.rs:82:7
   |
82 | const ERR_BASIC_ERROR_IN_BLOCK: &str = "BASIC: error in block";
   |       ^^^^^^^^^^^^^^^^^^^^^^^^
   |
   = note: `#[warn(dead_code)]` (part of `#[warn(unused)]`) on by default

warning: function `visit_token` is never used
    --> cpclib-asm/src/assembler/mod.rs:5357:4
     |
5357 | fn visit_token(token: &Token, env: &mut Env) -> Result<(), Box<AssemblerError>> {
     |    ^^^^^^^^^^^

warning: constant `SNASET_WRONG_LABEL` is never used
   --> cpclib-asm/src/error.rs:462:18
    |
462 | pub(crate) const SNASET_WRONG_LABEL: &str = "SNASET: error in the option naming";
    |                  ^^^^^^^^^^^^^^^^^^

warning: constant `REFRESH_RATE` is never used
  --> cpclib-asm/src/progress.rs:13:7
   |
13 | const REFRESH_RATE: Duration = Duration::from_millis(250);
   |       ^^^^^^^^^^^^

warning: constant `PROGRESS_STYLE` is never used
  --> cpclib-asm/src/progress.rs:14:7
   |
14 | const PROGRESS_STYLE: &str = "{prefix:.bold.dim>8}  [{bar}] {pos:>3}/{len:3} {wide_msg}";
   |       ^^^^^^^^^^^^^^

warning: constant `PASS_STYLE` is never used
  --> cpclib-asm/src/progress.rs:15:7
   |
15 | const PASS_STYLE: &str = "{prefix:.bold.dim>8}  [{bar}] ";
   |       ^^^^^^^^^^

warning: fields `prefix` and `index` are never read
  --> cpclib-asm/src/progress.rs:57:5
   |
53 | struct CountedProgress {
   |        --------------- fields in this struct
...
57 |     prefix: &'static str,
   |     ^^^^^^
58 |     index: usize,
   |     ^^^^^

warning: `cpclib-asm` (lib) generated 17 warnings
warning: function `build_tokens_with_base` is never used
  --> cpclib-basic/src/string_parser.rs:45:4
   |
45 | fn build_tokens_with_base(base: BasicToken, parts: Vec<&mut Vec<BasicToken>>) -> Vec<BasicTo...
   |    ^^^^^^^^^^^^^^^^^^^^^^

warning: `cpclib-basic` (lib) generated 3 warnings (2 duplicates)
warning: unreachable pattern
   --> cpclib-asm/src/implementation/expression.rs:212:25
    |
212 |                         _ => unreachable!()
    |                         ^ no value can reach this
    |
   ::: cpclib-asm/src/parser/obtained.rs:472:19
    |
472 | ...   let res = resolve_impl!(self, env).map_err(|e| e.locate(self.span...
    |                 ------------------------ in this macro invocation
    |
note: multiple earlier patterns match some of the same values
   --> cpclib-asm/src/implementation/expression.rs:212:25
    |
195 |                         Some(_e) => Err(AssemblerError::WrongSymbolType {
    |                         -------- matches some of the same values
...
199 |                         None => Err(if $env.pass().is_first_pass() {
    |                         ---- matches some of the same values
...
212 |                         _ => unreachable!()
    |                         ^ collectively making this unreachable
    |
   ::: cpclib-asm/src/parser/obtained.rs:472:19
    |
472 | ...   let res = resolve_impl!(self, env).map_err(|e| e.locate(self.span...
    |                 ------------------------ in this macro invocation
    = note: this warning originates in the macro `resolve_impl` (in Nightly builds, run with -Z macro-backtrace for more info)

warning: unreachable pattern
    --> cpclib-asm/src/assembler/mod.rs:1427:17
     |
1427 |                 _ => unimplemented!()
     |                 ^ no value can reach this
     |
note: multiple earlier patterns match some of the same values
    --> cpclib-asm/src/assembler/mod.rs:1427:17
     |
1410 |                 (_, Ok(_)) => {
     |                 ---------- matches some of the same values
...
1413 |                 (Some(existing), Err(new_err)) => {
     |                 ------------------------------ matches some of the same values
...
1424 |                 (None, Err(l_errors)) => {
     |                 --------------------- matches some of the same values
...
1427 |                 _ => unimplemented!()
     |                 ^ collectively making this unreachable
     = note: the full name for the type has been written to '/Users/rgiot/Perso/CPC/rust.cpcdemotools/target/debug/deps/cpclib_asm-10b59713379abcc3.long-type-7184864967218960323.txt'
     = note: consider using `--verbose` to print the full type name to the console

warning: unreachable pattern
    --> cpclib-asm/src/assembler/mod.rs:1493:17
     |
1493 |                 _ => unreachable!()
     |                 ^ no value can reach this
     |
note: multiple earlier patterns match some of the same values
    --> cpclib-asm/src/assembler/mod.rs:1493:17
     |
1476 |                 (_, Ok(_)) => {
     |                 ---------- matches some of the same values
...
1479 |                 (Some(existing), Err(new_err)) => {
     |                 ------------------------------ matches some of the same values
...
1490 |                 (None, Err(l_errors)) => {
     |                 --------------------- matches some of the same values
...
1493 |                 _ => unreachable!()
     |                 ^ collectively making this unreachable
     = note: the full name for the type has been written to '/Users/rgiot/Perso/CPC/rust.cpcdemotools/target/debug/deps/cpclib_asm-10b59713379abcc3.long-type-7184864967218960323.txt'
     = note: consider using `--verbose` to print the full type name to the console

warning: function `visit_token` is never used
    --> cpclib-asm/src/assembler/mod.rs:5357:4
     |
5357 | fn visit_token(token: &Token, env: &mut Env) -> Result<(), Box<Assembl...
     |    ^^^^^^^^^^^

warning: constant `SNASET_WRONG_LABEL` is never used
   --> cpclib-asm/src/error.rs:462:18
    |
462 | pub(crate) const SNASET_WRONG_LABEL: &str = "SNASET: error in the optio...
    |                  ^^^^^^^^^^^^^^^^^^

warning: constant `PROGRESS_STYLE` is never used
  --> cpclib-asm/src/progress.rs:14:7
   |
14 | const PROGRESS_STYLE: &str = "{prefix:.bold.dim>8}  [{bar}] {pos:>3}/{le...
   |       ^^^^^^^^^^^^^^

warning: `cpclib-asm` (lib) generated 17 warnings (11 duplicates)
warning: function `two_params` is never used
   --> cpclib-macros/src/tokens.rs:156:4
    |
156 | fn two_params<T1, T2>(name: &str, t1: &T1, t2: &T2, tokens: &mut TokenS...
    |    ^^^^^^^^^^
    |
    = note: `#[warn(dead_code)]` (part of `#[warn(unused)]`) on by default

warning: unreachable statement
   --> cpclib-sprite-compiler/src/lib.rs:644:5
    |
640 | /     todo!(
641 | |         "XXX Nothing is finished here. Cannot be used without fixes. Restore code is not stored  BTW"
642 | |     );
    | |_____- any code following this expression is unreachable
643 |
644 | /     let comp = Compiler::builder()
645 | |             .header_comment("Linear sprite display routine. HL contains screen address and DE contains save_...
646 | |             .header_label(label)
647 | |             .bc26(Bc26::new_universal_16k(r1))
648 | |             .action(RoutineAction::SaveBackgroundAndDrawPixelMaskedSprite)
649 | |             .build();
    | |_____________________^ unreachable statement
    |
    = note: `#[warn(unreachable_code)]` (part of `#[warn(unused)]`) on by default

warning: unused variable: `label`
   --> cpclib-sprite-compiler/src/lib.rs:632:5
    |
632 |     label: &str,
    |     ^^^^^ help: if this is intentional, prefix it with an underscore: `_label`
    |
    = note: `#[warn(unused_variables)]` (part of `#[warn(unused)]`) on by default

warning: unused variable: `r1`
   --> cpclib-sprite-compiler/src/lib.rs:635:5
    |
635 |     r1: u8
    |     ^^ help: if this is intentional, prefix it with an underscore: `_r1`

warning: unused variable: `spr`
   --> cpclib-sprite-compiler/src/lib.rs:637:9
    |
637 |     let spr = _spr.with_encoding(SpriteEncoding::LeftToRightToLeft);
    |         ^^^ help: if this is intentional, prefix it with an underscore: `_spr`

warning: unused variable: `msk`
   --> cpclib-sprite-compiler/src/lib.rs:638:9
    |
638 |     let msk = _msk.with_encoding(SpriteEncoding::LeftToRightToLeft);
    |         ^^^ help: if this is intentional, prefix it with an underscore: `_msk`

warning: `cpclib-macros` (lib) generated 1 warning
warning: `cpclib-sprite-compiler` (lib) generated 5 warnings (run `cargo fix --lib -p cpclib-sprite-compiler` to apply 4 suggestions)
warning: unused import: `paste::paste`
  --> cpclib-catart/src/basic_chars.rs:10:5
   |
10 | use paste::paste;
   |     ^^^^^^^^^^^^
   |
   = note: `#[warn(unused_imports)]` (part of `#[warn(unused)]`) on by default

warning: unused import: `builder`
 --> cpclib-catart/src/entry.rs:5:20
  |
5 | use bon::{Builder, builder};
  |                    ^^^^^^^

warning: unused import: `cpclib_common::clap::Command`
 --> cpclib-catart/src/entry.rs:7:5
  |
7 | use cpclib_common::clap::Command;
  |     ^^^^^^^^^^^^^^^^^^^^^^^^^^^^

warning: unused import: `cpclib_image::image::Mode`
  --> cpclib-catart/src/entry.rs:10:5
   |
10 | use cpclib_image::image::Mode;
   |     ^^^^^^^^^^^^^^^^^^^^^^^^^

warning: unused import: `owo_colors::colors::css::ForestGreen`
  --> cpclib-catart/src/entry.rs:12:5
   |
12 | use owo_colors::colors::css::ForestGreen;
   |     ^^^^^^^^^^^^^^^^^^^^^^^^^^^^^^^^^^^^

warning: unused imports: `DC1`, `DLE`, `SO`, and `SUB`
  --> cpclib-catart/src/entry.rs:14:40
   |
14 | use crate::basic_chars::{ACK, BS, CAN, DC1, DLE, EOT, ETB, NAK, SI, SO, SUB, US};
   |                                        ^^^  ^^^                     ^^  ^^^

warning: unused imports: `Locale` and `entry`
  --> cpclib-catart/src/entry.rs:16:13
   |
16 | use crate::{Locale, entry, interpret};
   |             ^^^^^^  ^^^^^

warning: use of deprecated associated function `std::array::IntoIter::<T, N>::new`: use `IntoIterator::into_iter` instead
  --> cpclib-catart/src/entry.rs:95:31
   |
95 |         std::array::IntoIter::new(self.entries)
   |                               ^^^
   |
   = note: `#[warn(deprecated)]` on by default

warning: unused import: `owo_colors::OwoColorize`
  --> cpclib-catart/src/entry.rs:11:5
   |
11 | use owo_colors::OwoColorize;
   |     ^^^^^^^^^^^^^^^^^^^^^^^

warning: variable does not need to be mutable
   --> cpclib-catart/src/basic_command.rs:388:21
    |
388 |                 let mut cmds = CharCommand::from_string(&data.bytes())?;
    |                     ----^^^^
    |                     |
    |                     help: remove this `mut`
    |
    = note: `#[warn(unused_mut)]` (part of `#[warn(unused)]`) on by default

warning: unused variable: `show_headers`
   --> cpclib-catart/src/entry.rs:139:56
    |
139 |     pub fn extract_basic_from_sequential_catart(&self, show_headers: bool) -> BasicProgram {
    |                                                        ^^^^^^^^^^^^ help: if this is intentional, prefix it with an underscore: `_show_headers`
    |
    = note: `#[warn(unused_variables)]` (part of `#[warn(unused)]`) on by default

warning: unused variable: `is_enable`
   --> cpclib-catart/src/entry.rs:175:21
    |
175 |                 let is_enable = matches!(c, CharCommand::EnableVdu);
    |                     ^^^^^^^^^ help: if this is intentional, prefix it with an underscore: `_is_enable`

warning: unused variable: `col`
   --> cpclib-catart/src/entry.rs:727:18
    |
727 |             for (col, entry) in row_entries.flatten().enumerate() {
    |                  ^^^ help: if this is intentional, prefix it with an underscore: `_col`

warning: unused variable: `e`
    --> cpclib-catart/src/entry.rs:1276:23
     |
1276 |             .map_err(|e| std::fmt::Error {})?;
     |                       ^ help: if this is intentional, prefix it with an underscore: `_e`

warning: unused variable: `start_mode`
    --> cpclib-catart/src/entry.rs:1703:9
     |
1703 |         start_mode: ScreenMode
     |         ^^^^^^^^^^ help: if this is intentional, prefix it with an underscore: `_start_mode`

warning: unused variable: `new_idx`
    --> cpclib-catart/src/entry.rs:1813:20
     |
1813 |             .map(|(new_idx, entry)| entry.f1)
     |                    ^^^^^^^ help: if this is intentional, prefix it with an underscore: `_new_idx`

warning: method `bytes_per_char` is never used
   --> cpclib-catart/src/interpret.rs:202:8
    |
180 | impl BasicMemoryScreen {
    | ---------------------- method in this implementation
...
202 |     fn bytes_per_char(&self) -> usize {
    |        ^^^^^^^^^^^^^^
    |
    = note: `#[warn(dead_code)]` (part of `#[warn(unused)]`) on by default

warning: field `locale` is never read
   --> cpclib-catart/src/interpret.rs:671:5
    |
660 | pub struct Interpreter {
    |            ----------- field in this struct
...
671 |     locale: Locale
    |     ^^^^^^

warning: missing documentation for a module
  --> cpclib-catart/src/lib.rs:11:1
   |
11 | pub mod char_command;
   | ^^^^^^^^^^^^^^^^^^^^
   |
note: the lint level is defined here
  --> cpclib-catart/src/lib.rs:6:9
   |
 6 | #![warn(missing_docs)]
   |         ^^^^^^^^^^^^

warning: missing documentation for a module
  --> cpclib-catart/src/lib.rs:14:1
   |
14 | pub mod entry;
   | ^^^^^^^^^^^^^

warning: constant `__CHAR_PARAMS_0x00__` should have an upper case name
  --> cpclib-catart/src/basic_chars.rs:69:19
   |
69 |             const [<__CHAR_PARAMS_ $hex_value __> ]: u8 = $nb;
   |                   ^^^^^^^^^^^^^^^^^^^^^^^^^^^^^^^^^
...
76 | define_basic_char!(0x00, NUL, "No effect. Ignored.");
   | ---------------------------------------------------- in this macro invocation
   |
   = note: `#[warn(non_upper_case_globals)]` (part of `#[warn(nonstandard_style)]`) on by default
   = note: this warning originates in the macro `define_basic_char` (in Nightly builds, run with -Z macro-backtrace for more info)
help: convert the identifier to upper case
   |
69 -             const [<__CHAR_PARAMS_ $hex_value __> ]: u8 = $nb;
69 +             const __CHAR_PARAMS_0X00: u8 = $nb;
   |

warning: constant `__CHAR_PARAMS_0x01__` should have an upper case name
  --> cpclib-catart/src/basic_chars.rs:69:19
   |
69 |               const [<__CHAR_PARAMS_ $hex_value __> ]: u8 = $nb;
   |                     ^^^^^^^^^^^^^^^^^^^^^^^^^^^^^^^^^
...
77 | / define_basic_char!(
78 | |     0x01,
79 | |     SOH = 1,
80 | |     "Print a specific character symbol (parameter: 0-255). This allows the symbols in the range 0 to 31 to be...
81 | | );
   | |_- in this macro invocation
   |
   = note: this warning originates in the macro `define_basic_char` (in Nightly builds, run with -Z macro-backtrace for more info)
help: convert the identifier to upper case
   |
69 -             const [<__CHAR_PARAMS_ $hex_value __> ]: u8 = $nb;
69 +             const __CHAR_PARAMS_0X01: u8 = $nb;
   |

warning: constant `__CHAR_PARAMS_0x02__` should have an upper case name
  --> cpclib-catart/src/basic_chars.rs:47:19
   |
47 |             const [<__CHAR_PARAMS_ $hex_value __> ]: u8 = $nb;
   |                   ^^^^^^^^^^^^^^^^^^^^^^^^^^^^^^^^^
...
82 | define_basic_char!(0x02, STX, CURSOR_0, "Turn off text cursor.");
   | ---------------------------------------------------------------- in this macro invocation
   |
   = note: this warning originates in the macro `define_basic_char` (in Nightly builds, run with -Z macro-backtrace for more info)
help: convert the identifier to upper case
   |
47 -             const [<__CHAR_PARAMS_ $hex_value __> ]: u8 = $nb;
47 +             const __CHAR_PARAMS_0X02: u8 = $nb;
   |

warning: constant `__CHAR_PARAMS_0x03__` should have an upper case name
  --> cpclib-catart/src/basic_chars.rs:47:19
   |
47 |             const [<__CHAR_PARAMS_ $hex_value __> ]: u8 = $nb;
   |                   ^^^^^^^^^^^^^^^^^^^^^^^^^^^^^^^^^
...
83 | define_basic_char!(0x03, ETX, CURSOR_1, "Turn on text cursor.");
   | --------------------------------------------------------------- in this macro invocation
   |
   = note: this warning originates in the macro `define_basic_char` (in Nightly builds, run with -Z macro-backtrace for more info)
help: convert the identifier to upper case
   |
47 -             const [<__CHAR_PARAMS_ $hex_value __> ]: u8 = $nb;
47 +             const __CHAR_PARAMS_0X03: u8 = $nb;
   |

warning: constant `__CHAR_PARAMS_0x04__` should have an upper case name
  --> cpclib-catart/src/basic_chars.rs:47:19
   |
47 |             const [<__CHAR_PARAMS_ $hex_value __> ]: u8 = $nb;
   |                   ^^^^^^^^^^^^^^^^^^^^^^^^^^^^^^^^^
...
84 | define_basic_char!(0x04, EOT = 1, MODE, "Set screen mode (parameter: 0-2).");
   | ---------------------------------------------------------------------------- in this macro invocation
   |
   = note: this warning originates in the macro `define_basic_char` (in Nightly builds, run with -Z macro-backtrace for more info)
help: convert the identifier to upper case
   |
47 -             const [<__CHAR_PARAMS_ $hex_value __> ]: u8 = $nb;
47 +             const __CHAR_PARAMS_0X04: u8 = $nb;
   |

warning: constant `__CHAR_PARAMS_0x05__` should have an upper case name
  --> cpclib-catart/src/basic_chars.rs:69:19
   |
69 |               const [<__CHAR_PARAMS_ $hex_value __> ]: u8 = $nb;
   |                     ^^^^^^^^^^^^^^^^^^^^^^^^^^^^^^^^^
...
85 | / define_basic_char!(
86 | |     0x05,
87 | |     ENQ = 1,
88 | |     "Send the parameter character to the graphics cursor"
89 | | );
   | |_- in this macro invocation
   |
   = note: this warning originates in the macro `define_basic_char` (in Nightly builds, run with -Z macro-backtrace for more info)
help: convert the identifier to upper case
   |
69 -             const [<__CHAR_PARAMS_ $hex_value __> ]: u8 = $nb;
69 +             const __CHAR_PARAMS_0X05: u8 = $nb;
   |

warning: constant `__CHAR_PARAMS_0x06__` should have an upper case name
  --> cpclib-catart/src/basic_chars.rs:69:19
   |
69 |             const [<__CHAR_PARAMS_ $hex_value __> ]: u8 = $nb;
   |                   ^^^^^^^^^^^^^^^^^^^^^^^^^^^^^^^^^
...
90 | define_basic_char!(0x06, ACK, "Enable text screen.");
   | ---------------------------------------------------- in this macro invocation
   |
   = note: this warning originates in the macro `define_basic_char` (in Nightly builds, run with -Z macro-backtrace for more info)
help: convert the identifier to upper case
   |
69 -             const [<__CHAR_PARAMS_ $hex_value __> ]: u8 = $nb;
69 +             const __CHAR_PARAMS_0X06: u8 = $nb;
   |

warning: constant `__CHAR_PARAMS_0x07__` should have an upper case name
  --> cpclib-catart/src/basic_chars.rs:69:19
   |
69 |             const [<__CHAR_PARAMS_ $hex_value __> ]: u8 = $nb;
   |                   ^^^^^^^^^^^^^^^^^^^^^^^^^^^^^^^^^
...
91 | define_basic_char!(0x07, BEL, "Beep.");
   | -------------------------------------- in this macro invocation
   |
   = note: this warning originates in the macro `define_basic_char` (in Nightly builds, run with -Z macro-backtrace for more info)
help: convert the identifier to upper case
   |
69 -             const [<__CHAR_PARAMS_ $hex_value __> ]: u8 = $nb;
69 +             const __CHAR_PARAMS_0X07: u8 = $nb;
   |

warning: constant `__CHAR_PARAMS_0x08__` should have an upper case name
  --> cpclib-catart/src/basic_chars.rs:69:19
   |
69 |             const [<__CHAR_PARAMS_ $hex_value __> ]: u8 = $nb;
   |                   ^^^^^^^^^^^^^^^^^^^^^^^^^^^^^^^^^
...
92 | define_basic_char!(0x08, BS, "BackSpace / Cursor Left.");
   | -------------------------------------------------------- in this macro invocation
   |
   = note: this warning originates in the macro `define_basic_char` (in Nightly builds, run with -Z macro-backtrace for more info)
help: convert the identifier to upper case
   |
69 -             const [<__CHAR_PARAMS_ $hex_value __> ]: u8 = $nb;
69 +             const __CHAR_PARAMS_0X08: u8 = $nb;
   |

warning: constant `__CHAR_PARAMS_0x09__` should have an upper case name
  --> cpclib-catart/src/basic_chars.rs:69:19
   |
69 |             const [<__CHAR_PARAMS_ $hex_value __> ]: u8 = $nb;
   |                   ^^^^^^^^^^^^^^^^^^^^^^^^^^^^^^^^^
...
93 | define_basic_char!(0x09, TAB, "Cursor Right / Tab.");
   | ---------------------------------------------------- in this macro invocation
   |
   = note: this warning originates in the macro `define_basic_char` (in Nightly builds, run with -Z macro-backtrace for more info)
help: convert the identifier to upper case
   |
69 -             const [<__CHAR_PARAMS_ $hex_value __> ]: u8 = $nb;
69 +             const __CHAR_PARAMS_0X09: u8 = $nb;
   |

warning: constant `__CHAR_PARAMS_0x0A__` should have an upper case name
  --> cpclib-catart/src/basic_chars.rs:69:19
   |
69 |             const [<__CHAR_PARAMS_ $hex_value __> ]: u8 = $nb;
   |                   ^^^^^^^^^^^^^^^^^^^^^^^^^^^^^^^^^
...
94 | define_basic_char!(0x0A, LF, "Line Feed / Cursor Down.");
   | -------------------------------------------------------- in this macro invocation
   |
   = note: this warning originates in the macro `define_basic_char` (in Nightly builds, run with -Z macro-backtrace for more info)
help: convert the identifier to upper case
   |
69 -             const [<__CHAR_PARAMS_ $hex_value __> ]: u8 = $nb;
69 +             const __CHAR_PARAMS_0X0_A: u8 = $nb;
   |

warning: constant `__CHAR_PARAMS_0x0B__` should have an upper case name
  --> cpclib-catart/src/basic_chars.rs:69:19
   |
69 |             const [<__CHAR_PARAMS_ $hex_value __> ]: u8 = $nb;
   |                   ^^^^^^^^^^^^^^^^^^^^^^^^^^^^^^^^^
...
95 | define_basic_char!(0x0B, VT, "Vertical Tab / Cursor Up.");
   | --------------------------------------------------------- in this macro invocation
   |
   = note: this warning originates in the macro `define_basic_char` (in Nightly builds, run with -Z macro-backtrace for more info)
help: convert the identifier to upper case
   |
69 -             const [<__CHAR_PARAMS_ $hex_value __> ]: u8 = $nb;
69 +             const __CHAR_PARAMS_0X0_B: u8 = $nb;
   |

warning: constant `__CHAR_PARAMS_0x0C__` should have an upper case name
   --> cpclib-catart/src/basic_chars.rs:47:19
    |
 47 |               const [<__CHAR_PARAMS_ $hex_value __> ]: u8 = $nb;
    |                     ^^^^^^^^^^^^^^^^^^^^^^^^^^^^^^^^^
...
 96 | / define_basic_char!(
 97 | |     0x0C,
 98 | |     FF,
 99 | |     CLS,
100 | |     "Clear text window and move cursor to top left corner."
101 | | );
    | |_- in this macro invocation
    |
    = note: this warning originates in the macro `define_basic_char` (in Nightly builds, run with -Z macro-backtrace for more info)
help: convert the identifier to upper case
    |
 47 -             const [<__CHAR_PARAMS_ $hex_value __> ]: u8 = $nb;
 47 +             const __CHAR_PARAMS_0X0_C: u8 = $nb;
    |

warning: constant `__CHAR_PARAMS_0x0D__` should have an upper case name
   --> cpclib-catart/src/basic_chars.rs:69:19
    |
 69 |               const [<__CHAR_PARAMS_ $hex_value __> ]: u8 = $nb;
    |                     ^^^^^^^^^^^^^^^^^^^^^^^^^^^^^^^^^
...
102 | / define_basic_char!(
103 | |     0x0D,
104 | |     CR,
105 | |     "Carriage Return. Left edge of window on current line"
106 | | );
    | |_- in this macro invocation
    |
    = note: this warning originates in the macro `define_basic_char` (in Nightly builds, run with -Z macro-backtrace for more info)
help: convert the identifier to upper case
    |
 69 -             const [<__CHAR_PARAMS_ $hex_value __> ]: u8 = $nb;
 69 +             const __CHAR_PARAMS_0X0_D: u8 = $nb;
    |

warning: constant `__CHAR_PARAMS_0x0E__` should have an upper case name
   --> cpclib-catart/src/basic_chars.rs:47:19
    |
 47 |             const [<__CHAR_PARAMS_ $hex_value __> ]: u8 = $nb;
    |                   ^^^^^^^^^^^^^^^^^^^^^^^^^^^^^^^^^
...
107 | define_basic_char!(0x0E, SO = 1, PAPER, "Set Paper Ink (parameter: 0-15).");
    | --------------------------------------------------------------------------- in this macro invocation
    |
    = note: this warning originates in the macro `define_basic_char` (in Nightly builds, run with -Z macro-backtrace for more info)
help: convert the identifier to upper case
    |
 47 -             const [<__CHAR_PARAMS_ $hex_value __> ]: u8 = $nb;
 47 +             const __CHAR_PARAMS_0X0_E: u8 = $nb;
    |

warning: constant `__CHAR_PARAMS_0x0F__` should have an upper case name
   --> cpclib-catart/src/basic_chars.rs:47:19
    |
 47 |             const [<__CHAR_PARAMS_ $hex_value __> ]: u8 = $nb;
    |                   ^^^^^^^^^^^^^^^^^^^^^^^^^^^^^^^^^
...
108 | define_basic_char!(0x0F, SI = 1, PEN, "Set Pen Ink (parameter: 0-15).");
    | ----------------------------------------------------------------------- in this macro invocation
    |
    = note: this warning originates in the macro `define_basic_char` (in Nightly builds, run with -Z macro-backtrace for more info)
help: convert the identifier to upper case
    |
 47 -             const [<__CHAR_PARAMS_ $hex_value __> ]: u8 = $nb;
 47 +             const __CHAR_PARAMS_0X0_F: u8 = $nb;
    |

warning: constant `__CHAR_PARAMS_0x10__` should have an upper case name
   --> cpclib-catart/src/basic_chars.rs:69:19
    |
 69 |             const [<__CHAR_PARAMS_ $hex_value __> ]: u8 = $nb;
    |                   ^^^^^^^^^^^^^^^^^^^^^^^^^^^^^^^^^
...
109 | define_basic_char!(0x10, DLE, "Delete character under cursor.");
    | --------------------------------------------------------------- in this macro invocation
    |
    = note: this warning originates in the macro `define_basic_char` (in Nightly builds, run with -Z macro-backtrace for more info)
help: convert the identifier to upper case
    |
 69 -             const [<__CHAR_PARAMS_ $hex_value __> ]: u8 = $nb;
 69 +             const __CHAR_PARAMS_0X10: u8 = $nb;
    |

warning: constant `__CHAR_PARAMS_0x11__` should have an upper case name
   --> cpclib-catart/src/basic_chars.rs:69:19
    |
 69 |             const [<__CHAR_PARAMS_ $hex_value __> ]: u8 = $nb;
    |                   ^^^^^^^^^^^^^^^^^^^^^^^^^^^^^^^^^
...
110 | define_basic_char!(0x11, DC1, "Clear to start of line.");
    | -------------------------------------------------------- in this macro invocation
    |
    = note: this warning originates in the macro `define_basic_char` (in Nightly builds, run with -Z macro-backtrace for more info)
help: convert the identifier to upper case
    |
 69 -             const [<__CHAR_PARAMS_ $hex_value __> ]: u8 = $nb;
 69 +             const __CHAR_PARAMS_0X11: u8 = $nb;
    |

warning: constant `__CHAR_PARAMS_0x12__` should have an upper case name
   --> cpclib-catart/src/basic_chars.rs:69:19
    |
 69 |             const [<__CHAR_PARAMS_ $hex_value __> ]: u8 = $nb;
    |                   ^^^^^^^^^^^^^^^^^^^^^^^^^^^^^^^^^
...
111 | define_basic_char!(0x12, DC2, "Clear to end of line.");
    | ------------------------------------------------------ in this macro invocation
    |
    = note: this warning originates in the macro `define_basic_char` (in Nightly builds, run with -Z macro-backtrace for more info)
help: convert the identifier to upper case
    |
 69 -             const [<__CHAR_PARAMS_ $hex_value __> ]: u8 = $nb;
 69 +             const __CHAR_PARAMS_0X12: u8 = $nb;
    |

warning: constant `__CHAR_PARAMS_0x13__` should have an upper case name
   --> cpclib-catart/src/basic_chars.rs:69:19
    |
 69 |             const [<__CHAR_PARAMS_ $hex_value __> ]: u8 = $nb;
    |                   ^^^^^^^^^^^^^^^^^^^^^^^^^^^^^^^^^
...
112 | define_basic_char!(0x13, DC3, "Clear to start of screen.");
    | ---------------------------------------------------------- in this macro invocation
    |
    = note: this warning originates in the macro `define_basic_char` (in Nightly builds, run with -Z macro-backtrace for more info)
help: convert the identifier to upper case
    |
 69 -             const [<__CHAR_PARAMS_ $hex_value __> ]: u8 = $nb;
 69 +             const __CHAR_PARAMS_0X13: u8 = $nb;
    |

warning: constant `__CHAR_PARAMS_0x14__` should have an upper case name
   --> cpclib-catart/src/basic_chars.rs:69:19
    |
 69 |             const [<__CHAR_PARAMS_ $hex_value __> ]: u8 = $nb;
    |                   ^^^^^^^^^^^^^^^^^^^^^^^^^^^^^^^^^
...
113 | define_basic_char!(0x14, DC4, "Clear to end of screen.");
    | -------------------------------------------------------- in this macro invocation
    |
    = note: this warning originates in the macro `define_basic_char` (in Nightly builds, run with -Z macro-backtrace for more info)
help: convert the identifier to upper case
    |
 69 -             const [<__CHAR_PARAMS_ $hex_value __> ]: u8 = $nb;
 69 +             const __CHAR_PARAMS_0X14: u8 = $nb;
    |

warning: constant `__CHAR_PARAMS_0x15__` should have an upper case name
   --> cpclib-catart/src/basic_chars.rs:69:19
    |
 69 |             const [<__CHAR_PARAMS_ $hex_value __> ]: u8 = $nb;
    |                   ^^^^^^^^^^^^^^^^^^^^^^^^^^^^^^^^^
...
114 | define_basic_char!(0x15, NAK, "Disable text screen.");
    | ----------------------------------------------------- in this macro invocation
    |
    = note: this warning originates in the macro `define_basic_char` (in Nightly builds, run with -Z macro-backtrace for more info)
help: convert the identifier to upper case
    |
 69 -             const [<__CHAR_PARAMS_ $hex_value __> ]: u8 = $nb;
 69 +             const __CHAR_PARAMS_0X15: u8 = $nb;
    |

warning: constant `__CHAR_PARAMS_0x16__` should have an upper case name
   --> cpclib-catart/src/basic_chars.rs:69:19
    |
 69 |             const [<__CHAR_PARAMS_ $hex_value __> ]: u8 = $nb;
    |                   ^^^^^^^^^^^^^^^^^^^^^^^^^^^^^^^^^
...
115 | define_basic_char!(0x16, SYN = 1, "Set transparency 0 disable 1 enable");
    | ------------------------------------------------------------------------ in this macro invocation
    |
    = note: this warning originates in the macro `define_basic_char` (in Nightly builds, run with -Z macro-backtrace for more info)
help: convert the identifier to upper case
    |
 69 -             const [<__CHAR_PARAMS_ $hex_value __> ]: u8 = $nb;
 69 +             const __CHAR_PARAMS_0X16: u8 = $nb;
    |

warning: constant `__CHAR_PARAMS_0x17__` should have an upper case name
   --> cpclib-catart/src/basic_chars.rs:69:19
    |
 69 |               const [<__CHAR_PARAMS_ $hex_value __> ]: u8 = $nb;
    |                     ^^^^^^^^^^^^^^^^^^^^^^^^^^^^^^^^^
...
116 | / define_basic_char!(
117 | |     0x17,
118 | |     ETB = 1,
119 | |     "Set graphics ink mode. 0 normal, 1 XOR, 2 AND, 3 OR"
120 | | );
    | |_- in this macro invocation
    |
    = note: this warning originates in the macro `define_basic_char` (in Nightly builds, run with -Z macro-backtrace for more info)
help: convert the identifier to upper case
    |
 69 -             const [<__CHAR_PARAMS_ $hex_value __> ]: u8 = $nb;
 69 +             const __CHAR_PARAMS_0X17: u8 = $nb;
    |

warning: constant `__CHAR_PARAMS_0x18__` should have an upper case name
   --> cpclib-catart/src/basic_chars.rs:69:19
    |
 69 |             const [<__CHAR_PARAMS_ $hex_value __> ]: u8 = $nb;
    |                   ^^^^^^^^^^^^^^^^^^^^^^^^^^^^^^^^^
...
121 | define_basic_char!(0x18, CAN, "Exchange Pen and Paper inks (Reverse).");
    | ----------------------------------------------------------------------- in this macro invocation
    |
    = note: this warning originates in the macro `define_basic_char` (in Nightly builds, run with -Z macro-backtrace for more info)
help: convert the identifier to upper case
    |
 69 -             const [<__CHAR_PARAMS_ $hex_value __> ]: u8 = $nb;
 69 +             const __CHAR_PARAMS_0X18: u8 = $nb;
    |

warning: constant `__CHAR_PARAMS_0x19__` should have an upper case name
   --> cpclib-catart/src/basic_chars.rs:47:19
    |
 47 |               const [<__CHAR_PARAMS_ $hex_value __> ]: u8 = $nb;
    |                     ^^^^^^^^^^^^^^^^^^^^^^^^^^^^^^^^^
...
122 | / define_basic_char!(
123 | |     0x19,
124 | |     EM = 9,
125 | |     SYMBOL,
126 | |     "Set the matrix for user definable character (9 parameters)."
127 | | );
    | |_- in this macro invocation
    |
    = note: this warning originates in the macro `define_basic_char` (in Nightly builds, run with -Z macro-backtrace for more info)
help: convert the identifier to upper case
    |
 47 -             const [<__CHAR_PARAMS_ $hex_value __> ]: u8 = $nb;
 47 +             const __CHAR_PARAMS_0X19: u8 = $nb;
    |

warning: constant `__CHAR_PARAMS_0x1A__` should have an upper case name
   --> cpclib-catart/src/basic_chars.rs:47:19
    |
 47 |               const [<__CHAR_PARAMS_ $hex_value __> ]: u8 = $nb;
    |                     ^^^^^^^^^^^^^^^^^^^^^^^^^^^^^^^^^
...
128 | / define_basic_char!(
129 | |     0x1A,
130 | |     SUB = 4,
131 | |     WINDOW,
132 | |     "Set Window (parameters: left, right, top, bottom edges)."
133 | | );
    | |_- in this macro invocation
    |
    = note: this warning originates in the macro `define_basic_char` (in Nightly builds, run with -Z macro-backtrace for more info)
help: convert the identifier to upper case
    |
 47 -             const [<__CHAR_PARAMS_ $hex_value __> ]: u8 = $nb;
 47 +             const __CHAR_PARAMS_0X1_A: u8 = $nb;
    |

warning: constant `__CHAR_PARAMS_0x1B__` should have an upper case name
   --> cpclib-catart/src/basic_chars.rs:69:19
    |
 69 |             const [<__CHAR_PARAMS_ $hex_value __> ]: u8 = $nb;
    |                   ^^^^^^^^^^^^^^^^^^^^^^^^^^^^^^^^^
...
134 | define_basic_char!(0x1B, ESC, "No effecT. Ignored");
    | --------------------------------------------------- in this macro invocation
    |
    = note: this warning originates in the macro `define_basic_char` (in Nightly builds, run with -Z macro-backtrace for more info)
help: convert the identifier to upper case
    |
 69 -             const [<__CHAR_PARAMS_ $hex_value __> ]: u8 = $nb;
 69 +             const __CHAR_PARAMS_0X1_B: u8 = $nb;
    |

warning: constant `__CHAR_PARAMS_0x1C__` should have an upper case name
   --> cpclib-catart/src/basic_chars.rs:47:19
    |
 47 |               const [<__CHAR_PARAMS_ $hex_value __> ]: u8 = $nb;
    |                     ^^^^^^^^^^^^^^^^^^^^^^^^^^^^^^^^^
...
135 | / define_basic_char!(
136 | |     0x1C,
137 | |     FS = 3,
138 | |     INK,
139 | |     "Set Ink to a pair of colors (3 parameters)."
140 | | );
    | |_- in this macro invocation
    |
    = note: this warning originates in the macro `define_basic_char` (in Nightly builds, run with -Z macro-backtrace for more info)
help: convert the identifier to upper case
    |
 47 -             const [<__CHAR_PARAMS_ $hex_value __> ]: u8 = $nb;
 47 +             const __CHAR_PARAMS_0X1_C: u8 = $nb;
    |

warning: constant `__CHAR_PARAMS_0x1D__` should have an upper case name
   --> cpclib-catart/src/basic_chars.rs:47:19
    |
 47 |               const [<__CHAR_PARAMS_ $hex_value __> ]: u8 = $nb;
    |                     ^^^^^^^^^^^^^^^^^^^^^^^^^^^^^^^^^
...
141 | / define_basic_char!(
142 | |     0x1D,
143 | |     GS = 2,
144 | |     BORDER,
145 | |     "Set Border to a pair of colors (2 parameters)."
146 | | );
    | |_- in this macro invocation
    |
    = note: this warning originates in the macro `define_basic_char` (in Nightly builds, run with -Z macro-backtrace for more info)
help: convert the identifier to upper case
    |
 47 -             const [<__CHAR_PARAMS_ $hex_value __> ]: u8 = $nb;
 47 +             const __CHAR_PARAMS_0X1_D: u8 = $nb;
    |

warning: constant `__CHAR_PARAMS_0x1E__` should have an upper case name
   --> cpclib-catart/src/basic_chars.rs:69:19
    |
 69 |             const [<__CHAR_PARAMS_ $hex_value __> ]: u8 = $nb;
    |                   ^^^^^^^^^^^^^^^^^^^^^^^^^^^^^^^^^
...
147 | define_basic_char!(0x1E, RS, "Move cursor to top left corner.");
    | --------------------------------------------------------------- in this macro invocation
    |
    = note: this warning originates in the macro `define_basic_char` (in Nightly builds, run with -Z macro-backtrace for more info)
help: convert the identifier to upper case
    |
 69 -             const [<__CHAR_PARAMS_ $hex_value __> ]: u8 = $nb;
 69 +             const __CHAR_PARAMS_0X1_E: u8 = $nb;
    |

warning: constant `__CHAR_PARAMS_0x1F__` should have an upper case name
   --> cpclib-catart/src/basic_chars.rs:47:19
    |
 47 |               const [<__CHAR_PARAMS_ $hex_value __> ]: u8 = $nb;
    |                     ^^^^^^^^^^^^^^^^^^^^^^^^^^^^^^^^^
...
148 | / define_basic_char!(
149 | |     0x1F,
150 | |     US = 2,
151 | |     LOCATE,
152 | |     "Move cursor to position (parameters: column, line)."
153 | | );
    | |_- in this macro invocation
    |
    = note: this warning originates in the macro `define_basic_char` (in Nightly builds, run with -Z macro-backtrace for more info)
help: convert the identifier to upper case
    |
 47 -             const [<__CHAR_PARAMS_ $hex_value __> ]: u8 = $nb;
 47 +             const __CHAR_PARAMS_0X1_F: u8 = $nb;
    |

warning: missing documentation for an associated function
   --> cpclib-catart/src/basic_command.rs:313:5
    |
313 |     pub fn move_cursor_down() -> Self {
    |     ^^^^^^^^^^^^^^^^^^^^^^^^^^^^^^^^^

warning: missing documentation for a method
   --> cpclib-catart/src/basic_command.rs:339:5
    |
339 |     pub fn to_char_commands(&self) -> Result<CharCommandList, String> {
    |     ^^^^^^^^^^^^^^^^^^^^^^^^^^^^^^^^^^^^^^^^^^^^^^^^^^^^^^^^^^^^^^^^^

warning: missing documentation for a method
  --> cpclib-catart/src/char_command.rs:73:5
   |
73 |     pub fn iter(&self) -> std::slice::Iter<'_, CharCommand> {
   |     ^^^^^^^^^^^^^^^^^^^^^^^^^^^^^^^^^^^^^^^^^^^^^^^^^^^^^^^

warning: missing documentation for an associated function
  --> cpclib-catart/src/char_command.rs:77:5
   |
77 |     pub fn from_bytes(data: &[u8]) -> Self {
   |     ^^^^^^^^^^^^^^^^^^^^^^^^^^^^^^^^^^^^^^

warning: missing documentation for a method
   --> cpclib-catart/src/char_command.rs:132:5
    |
132 |     pub fn to_command_string(&self) -> String {
    |     ^^^^^^^^^^^^^^^^^^^^^^^^^^^^^^^^^^^^^^^^^

warning: missing documentation for a method
   --> cpclib-catart/src/char_command.rs:136:5
    |
136 |     pub fn to_basic_string(&self) -> String {
    |     ^^^^^^^^^^^^^^^^^^^^^^^^^^^^^^^^^^^^^^^

warning: missing documentation for a method
   --> cpclib-catart/src/char_command.rs:144:5
    |
144 |     pub fn bytes(&self) -> Vec<u8> {
    |     ^^^^^^^^^^^^^^^^^^^^^^^^^^^^^^

warning: missing documentation for a variant
   --> cpclib-catart/src/char_command.rs:214:5
    |
214 |     Esc,
    |     ^^^

warning: missing documentation for a variant
   --> cpclib-catart/src/char_command.rs:255:5
    |
255 |     String(Vec<u8>) // list of ascii chars
    |     ^^^^^^

warning: missing documentation for a method
   --> cpclib-catart/src/char_command.rs:313:5
    |
313 |     pub fn to_command_string(&self) -> String {
    |     ^^^^^^^^^^^^^^^^^^^^^^^^^^^^^^^^^^^^^^^^^

warning: missing documentation for a method
   --> cpclib-catart/src/char_command.rs:366:5
    |
366 |     pub fn len(&self) -> usize {
    |     ^^^^^^^^^^^^^^^^^^^^^^^^^^

warning: missing documentation for a method
   --> cpclib-catart/src/char_command.rs:371:5
    |
371 |     pub fn first_byte(&self) -> u8 {
    |     ^^^^^^^^^^^^^^^^^^^^^^^^^^^^^^

warning: missing documentation for a method
   --> cpclib-catart/src/char_command.rs:376:5
    |
376 |     pub fn second_byte(&self) -> u8 {
    |     ^^^^^^^^^^^^^^^^^^^^^^^^^^^^^^^

warning: missing documentation for a method
   --> cpclib-catart/src/char_command.rs:381:5
    |
381 |     pub fn third_byte(&self) -> u8 {
    |     ^^^^^^^^^^^^^^^^^^^^^^^^^^^^^^

warning: missing documentation for a method
   --> cpclib-catart/src/char_command.rs:386:5
    |
386 |     pub fn normalize(self) -> Self {
    |     ^^^^^^^^^^^^^^^^^^^^^^^^^^^^^^

warning: missing documentation for a method
   --> cpclib-catart/src/char_command.rs:515:5
    |
515 |     pub fn is_mode(&self) -> bool {
    |     ^^^^^^^^^^^^^^^^^^^^^^^^^^^^^

warning: missing documentation for a method
   --> cpclib-catart/src/char_command.rs:519:5
    |
519 |     pub fn is_pen(&self) -> bool {
    |     ^^^^^^^^^^^^^^^^^^^^^^^^^^^^

warning: missing documentation for a method
   --> cpclib-catart/src/char_command.rs:523:5
    |
523 |     pub fn is_paper(&self) -> bool {
    |     ^^^^^^^^^^^^^^^^^^^^^^^^^^^^^^

warning: missing documentation for a method
   --> cpclib-catart/src/char_command.rs:527:5
    |
527 |     pub fn is_ink(&self) -> bool {
    |     ^^^^^^^^^^^^^^^^^^^^^^^^^^^^

warning: missing documentation for a method
   --> cpclib-catart/src/char_command.rs:531:5
    |
531 |     pub fn is_border(&self) -> bool {
    |     ^^^^^^^^^^^^^^^^^^^^^^^^^^^^^^^

warning: missing documentation for a method
   --> cpclib-catart/src/char_command.rs:535:5
    |
535 |     pub fn is_locate(&self) -> bool {
    |     ^^^^^^^^^^^^^^^^^^^^^^^^^^^^^^^

warning: missing documentation for a method
   --> cpclib-catart/src/char_command.rs:539:5
    |
539 |     pub fn is_print_symbol(&self) -> bool {
    |     ^^^^^^^^^^^^^^^^^^^^^^^^^^^^^^^^^^^^^

warning: missing documentation for a method
   --> cpclib-catart/src/char_command.rs:543:5
    |
543 |     pub fn to_basic_command(&self) -> Option<BasicCommand> {
    |     ^^^^^^^^^^^^^^^^^^^^^^^^^^^^^^^^^^^^^^^^^^^^^^^^^^^^^^

warning: missing documentation for a method
   --> cpclib-catart/src/char_command.rs:659:5
    |
659 |     pub fn to_basic_string(&self) -> String {
    |     ^^^^^^^^^^^^^^^^^^^^^^^^^^^^^^^^^^^^^^^

warning: missing documentation for a struct field
  --> cpclib-catart/src/entry.rs:87:5
   |
87 |     pub entries: [PrintableEntry; 64]
   |     ^^^^^^^^^^^^^^^^^^^^^^^^^^^^^^^^^

warning: missing documentation for a method
   --> cpclib-catart/src/entry.rs:139:5
    |
139 |     pub fn extract_basic_from_sequential_catart(&self, show_headers: bool) -> BasicProgram {
    |     ^^^^^^^^^^^^^^^^^^^^^^^^^^^^^^^^^^^^^^^^^^^^^^^^^^^^^^^^^^^^^^^^^^^^^^^^^^^^^^^^^^^^^^

warning: missing documentation for an associated function
   --> cpclib-catart/src/entry.rs:237:5
    |
237 |     pub fn empty() -> Self {
    |     ^^^^^^^^^^^^^^^^^^^^^^

warning: missing documentation for an associated function
   --> cpclib-catart/src/entry.rs:243:5
    |
243 |     pub fn new(entries: [PrintableEntry; 64]) -> Self {
    |     ^^^^^^^^^^^^^^^^^^^^^^^^^^^^^^^^^^^^^^^^^^^^^^^^^

warning: missing documentation for a method
   --> cpclib-catart/src/entry.rs:247:5
    |
247 |     pub fn is_empty(&self) -> bool {
    |     ^^^^^^^^^^^^^^^^^^^^^^^^^^^^^^

warning: missing documentation for a method
   --> cpclib-catart/src/entry.rs:251:5
    |
251 |     pub fn len(&self) -> usize {
    |     ^^^^^^^^^^^^^^^^^^^^^^^^^^

warning: missing documentation for a method
   --> cpclib-catart/src/entry.rs:255:5
    |
255 |     pub fn add(&mut self, entry: PrintableEntry) -> Result<(), String> {
    |     ^^^^^^^^^^^^^^^^^^^^^^^^^^^^^^^^^^^^^^^^^^^^^^^^^^^^^^^^^^^^^^^^^^

warning: missing documentation for a method
   --> cpclib-catart/src/entry.rs:266:5
    |
266 |     pub fn entries(&self) -> impl Iterator<Item = &PrintableEntry> {
    |     ^^^^^^^^^^^^^^^^^^^^^^^^^^^^^^^^^^^^^^^^^^^^^^^^^^^^^^^^^^^^^^

warning: missing documentation for a struct field
   --> cpclib-catart/src/entry.rs:287:5
    |
287 |     pub entries: Vec<UnifiedPrintableEntry>
    |     ^^^^^^^^^^^^^^^^^^^^^^^^^^^^^^^^^^^^^^^

warning: missing documentation for an associated function
   --> cpclib-catart/src/entry.rs:308:5
    |
308 |     pub fn new(entries: [UnifiedPrintableEntry; 64]) -> Self {
    |     ^^^^^^^^^^^^^^^^^^^^^^^^^^^^^^^^^^^^^^^^^^^^^^^^^^^^^^^^

warning: missing documentation for an associated function
   --> cpclib-catart/src/entry.rs:315:5
    |
315 |     pub fn empty() -> Self {
    |     ^^^^^^^^^^^^^^^^^^^^^^

warning: missing documentation for a method
   --> cpclib-catart/src/entry.rs:321:5
    |
321 |     pub fn push(&mut self, entry: UnifiedPrintableEntry) -> Result<(), String> {
    |     ^^^^^^^^^^^^^^^^^^^^^^^^^^^^^^^^^^^^^^^^^^^^^^^^^^^^^^^^^^^^^^^^^^^^^^^^^^

warning: missing documentation for a method
   --> cpclib-catart/src/entry.rs:335:5
    |
335 |     pub fn size_kb(&self) -> u16 {
    |     ^^^^^^^^^^^^^^^^^^^^^^^^^^^^

warning: missing documentation for a method
   --> cpclib-catart/src/entry.rs:339:5
    |
339 |     pub fn remaining_size_kb(&self) -> u16 {
    |     ^^^^^^^^^^^^^^^^^^^^^^^^^^^^^^^^^^^^^^

warning: missing documentation for a struct
   --> cpclib-catart/src/entry.rs:372:1
    |
372 | pub struct UnifiedPrintableEntry {
    | ^^^^^^^^^^^^^^^^^^^^^^^^^^^^^^^^

warning: missing documentation for a struct field
   --> cpclib-catart/src/entry.rs:373:5
    |
373 |     pub user: u8, // Currently ignored. TODO handle user
    |     ^^^^^^^^^^^^

warning: missing documentation for a struct field
   --> cpclib-catart/src/entry.rs:374:5
    |
374 |     pub fname: PrintableEntryFileName,
    |     ^^^^^^^^^^^^^^^^^^^^^^^^^^^^^^^^^

warning: missing documentation for a struct field
   --> cpclib-catart/src/entry.rs:375:5
    |
375 |     pub size_kb: u16
    |     ^^^^^^^^^^^^^^^^

warning: missing documentation for an associated function
   --> cpclib-catart/src/entry.rs:428:5
    |
428 |     pub fn empty() -> Self {
    |     ^^^^^^^^^^^^^^^^^^^^^^

warning: missing documentation for a method
   --> cpclib-catart/src/entry.rs:436:5
    |
436 |     pub fn fname(&self) -> &PrintableEntryFileName {
    |     ^^^^^^^^^^^^^^^^^^^^^^^^^^^^^^^^^^^^^^^^^^^^^^

warning: missing documentation for a method
   --> cpclib-catart/src/entry.rs:441:5
    |
441 |     pub fn all_generated_bytes(&self) -> [u8; 17] {
    |     ^^^^^^^^^^^^^^^^^^^^^^^^^^^^^^^^^^^^^^^^^^^^^

warning: missing documentation for a method
   --> cpclib-catart/src/entry.rs:453:5
    |
453 |     pub fn commands(&self) -> CharCommandList {
    |     ^^^^^^^^^^^^^^^^^^^^^^^^^^^^^^^^^^^^^^^^^

warning: missing documentation for a method
   --> cpclib-catart/src/entry.rs:462:5
    |
462 |     pub fn size_kb(&self) -> u16 {
    |     ^^^^^^^^^^^^^^^^^^^^^^^^^^^^

warning: missing documentation for a struct
   --> cpclib-catart/src/entry.rs:470:1
    |
470 | pub struct PrintableEntry {
    | ^^^^^^^^^^^^^^^^^^^^^^^^^

warning: missing documentation for a struct field
   --> cpclib-catart/src/entry.rs:471:5
    |
471 |     pub user: u8, // 0 to be printed
    |     ^^^^^^^^^^^^

warning: missing documentation for a struct field
   --> cpclib-catart/src/entry.rs:472:5
    |
472 |     pub fname: PrintableEntryFileName,
    |     ^^^^^^^^^^^^^^^^^^^^^^^^^^^^^^^^^

warning: missing documentation for a struct field
   --> cpclib-catart/src/entry.rs:473:5
    |
473 |     pub pieces: [u8; 4],
    |     ^^^^^^^^^^^^^^^^^^^

warning: missing documentation for a struct field
   --> cpclib-catart/src/entry.rs:474:5
    |
474 |     pub sectors: [u8; 16]
    |     ^^^^^^^^^^^^^^^^^^^^^

warning: missing documentation for an associated function
   --> cpclib-catart/src/entry.rs:491:5
    |
491 |     pub fn empty() -> Self {
    |     ^^^^^^^^^^^^^^^^^^^^^^

warning: missing documentation for a method
   --> cpclib-catart/src/entry.rs:532:5
    |
532 |     pub fn is_empty(&self) -> bool {
    |     ^^^^^^^^^^^^^^^^^^^^^^^^^^^^^^

warning: missing documentation for a method
   --> cpclib-catart/src/entry.rs:536:5
    |
536 |     pub fn size_kb(&self) -> u16 {
    |     ^^^^^^^^^^^^^^^^^^^^^^^^^^^^

warning: missing documentation for a struct
   --> cpclib-catart/src/entry.rs:543:1
    |
543 | pub struct PrintableEntryFileName {
    | ^^^^^^^^^^^^^^^^^^^^^^^^^^^^^^^^^

warning: missing documentation for a struct field
   --> cpclib-catart/src/entry.rs:544:5
    |
544 |     pub f1: u8,
    |     ^^^^^^^^^^

warning: missing documentation for a struct field
   --> cpclib-catart/src/entry.rs:545:5
    |
545 |     pub f2: u8,
    |     ^^^^^^^^^^

warning: missing documentation for a struct field
   --> cpclib-catart/src/entry.rs:546:5
    |
546 |     pub f3: u8,
    |     ^^^^^^^^^^

warning: missing documentation for a struct field
   --> cpclib-catart/src/entry.rs:547:5
    |
547 |     pub f4: u8,
    |     ^^^^^^^^^^

warning: missing documentation for a struct field
   --> cpclib-catart/src/entry.rs:548:5
    |
548 |     pub f5: u8,
    |     ^^^^^^^^^^

warning: missing documentation for a struct field
   --> cpclib-catart/src/entry.rs:549:5
    |
549 |     pub f6: u8,
    |     ^^^^^^^^^^

warning: missing documentation for a struct field
   --> cpclib-catart/src/entry.rs:550:5
    |
550 |     pub f7: u8,
    |     ^^^^^^^^^^

warning: missing documentation for a struct field
   --> cpclib-catart/src/entry.rs:551:5
    |
551 |     pub f8: u8,
    |     ^^^^^^^^^^

warning: missing documentation for a struct field
   --> cpclib-catart/src/entry.rs:552:5
    |
552 |     pub e1: u8,
    |     ^^^^^^^^^^

warning: missing documentation for a struct field
   --> cpclib-catart/src/entry.rs:553:5
    |
553 |     pub e2: u8,
    |     ^^^^^^^^^^

warning: missing documentation for a struct field
   --> cpclib-catart/src/entry.rs:554:5
    |
554 |     pub e3: u8
    |     ^^^^^^^^^^

warning: missing documentation for an enum
   --> cpclib-catart/src/entry.rs:558:1
    |
558 | pub enum ScreenMode {
    | ^^^^^^^^^^^^^^^^^^^

warning: missing documentation for a variant
   --> cpclib-catart/src/entry.rs:559:5
    |
559 |     Mode0,
    |     ^^^^^

warning: missing documentation for a variant
   --> cpclib-catart/src/entry.rs:560:5
    |
560 |     Mode1,
    |     ^^^^^

warning: missing documentation for a variant
   --> cpclib-catart/src/entry.rs:561:5
    |
561 |     Mode2
    |     ^^^^^

warning: missing documentation for an enum
   --> cpclib-catart/src/entry.rs:565:1
    |
565 | pub enum DotHiding {
    | ^^^^^^^^^^^^^^^^^^

warning: missing documentation for a variant
   --> cpclib-catart/src/entry.rs:567:5
    |
567 |     AsModeParameter,
    |     ^^^^^^^^^^^^^^^

warning: missing documentation for a variant
   --> cpclib-catart/src/entry.rs:569:5
    |
569 |     Erased,
    |     ^^^^^^

warning: missing documentation for a variant
   --> cpclib-catart/src/entry.rs:571:5
    |
571 |     KeptAsArgument
    |     ^^^^^^^^^^^^^^

warning: missing documentation for a method
   --> cpclib-catart/src/entry.rs:575:5
    |
575 |     pub fn constraint_helper(&self) -> [usize; 2] {
    |     ^^^^^^^^^^^^^^^^^^^^^^^^^^^^^^^^^^^^^^^^^^^^^

warning: missing documentation for a method
   --> cpclib-catart/src/entry.rs:667:5
    |
667 |     pub fn get(&self, row: usize, col: usize) -> Option<&Cow<'cat, UnifiedPrintableEntry>> {
    |     ^^^^^^^^^^^^^^^^^^^^^^^^^^^^^^^^^^^^^^^^^^^^^^^^^^^^^^^^^^^^^^^^^^^^^^^^^^^^^^^^^^^^^^

warning: missing documentation for a method
   --> cpclib-catart/src/entry.rs:702:5
    |
702 |     pub fn commands(&self) -> CharCommandList {
    |     ^^^^^^^^^^^^^^^^^^^^^^^^^^^^^^^^^^^^^^^^^

warning: missing documentation for a method
   --> cpclib-catart/src/entry.rs:706:5
    |
706 |     pub fn commands_with_params(&self, show_headers: bool) -> CharCommandList {
    |     ^^^^^^^^^^^^^^^^^^^^^^^^^^^^^^^^^^^^^^^^^^^^^^^^^^^^^^^^^^^^^^^^^^^^^^^^^

warning: missing documentation for an associated function
   --> cpclib-catart/src/entry.rs:757:5
    |
757 |     pub fn new<S: AsRef<str>>(fname: S) -> Self {
    |     ^^^^^^^^^^^^^^^^^^^^^^^^^^^^^^^^^^^^^^^^^^^

warning: missing documentation for an associated function
   --> cpclib-catart/src/entry.rs:831:5
    |
831 | /     pub fn unsorted_heterogeneous_first(
832 | |         dot_hiding: DotHiding,
833 | |         mode: u8,
834 | |         cmd1: u8,
...   |
840 | |         cmd7: u8
841 | |     ) -> Self {
    | |_____________^

warning: missing documentation for a method
    --> cpclib-catart/src/entry.rs:1044:5
     |
1044 |     pub fn is_hidden(&self) -> bool {
     |     ^^^^^^^^^^^^^^^^^^^^^^^^^^^^^^^

warning: missing documentation for a method
    --> cpclib-catart/src/entry.rs:1048:5
     |
1048 |     pub fn is_system(&self) -> bool {
     |     ^^^^^^^^^^^^^^^^^^^^^^^^^^^^^^^

warning: missing documentation for a method
    --> cpclib-catart/src/entry.rs:1052:5
     |
1052 |     pub fn is_read_only(&self) -> bool {
     |     ^^^^^^^^^^^^^^^^^^^^^^^^^^^^^^^^^^

warning: missing documentation for an associated function
    --> cpclib-catart/src/entry.rs:1058:5
     |
1058 |     pub fn empty() -> Self {
     |     ^^^^^^^^^^^^^^^^^^^^^^

warning: missing documentation for a method
    --> cpclib-catart/src/entry.rs:1074:5
     |
1074 |     pub fn is_empty(&self) -> bool {
     |     ^^^^^^^^^^^^^^^^^^^^^^^^^^^^^^

warning: missing documentation for a method
    --> cpclib-catart/src/entry.rs:1078:5
     |
1078 |     pub fn filename(&self) -> &[u8] {
     |     ^^^^^^^^^^^^^^^^^^^^^^^^^^^^^^^

warning: missing documentation for a method
    --> cpclib-catart/src/entry.rs:1082:5
     |
1082 |     pub fn extension(&self) -> &[u8] {
     |     ^^^^^^^^^^^^^^^^^^^^^^^^^^^^^^^^

warning: missing documentation for a method
    --> cpclib-catart/src/entry.rs:1098:5
     |
1098 |     pub fn display_name(&self) -> String {
     |     ^^^^^^^^^^^^^^^^^^^^^^^^^^^^^^^^^^^^

warning: missing documentation for an enum
    --> cpclib-catart/src/entry.rs:1142:1
     |
1142 | pub enum CatArtMode {
     | ^^^^^^^^^^^^^^^^^^^

warning: missing documentation for an enum
    --> cpclib-catart/src/entry.rs:1150:1
     |
1150 | pub enum CatalogType {
     | ^^^^^^^^^^^^^^^^^^^^

warning: missing documentation for a variant
    --> cpclib-catart/src/entry.rs:1151:5
     |
1151 |     Cat,
     |     ^^^

warning: missing documentation for a variant
    --> cpclib-catart/src/entry.rs:1152:5
     |
1152 |     Dir
     |     ^^^

warning: missing documentation for a method
    --> cpclib-catart/src/entry.rs:1156:5
     |
1156 |     pub fn visible_entries(&self) -> impl Iterator<Item = &UnifiedPrintableEntry> {
     |     ^^^^^^^^^^^^^^^^^^^^^^^^^^^^^^^^^^^^^^^^^^^^^^^^^^^^^^^^^^^^^^^^^^^^^^^^^^^^^

warning: missing documentation for a method
    --> cpclib-catart/src/entry.rs:1160:5
     |
1160 |     pub fn visible_sorted_entries(&self, order: CatalogType) -> Vec<&UnifiedPrintableEntry> {
     |     ^^^^^^^^^^^^^^^^^^^^^^^^^^^^^^^^^^^^^^^^^^^^^^^^^^^^^^^^^^^^^^^^^^^^^^^^^^^^^^^^^^^^^^^

warning: missing documentation for a method
    --> cpclib-catart/src/entry.rs:1178:5
     |
1178 | /     pub fn visible_entries_by_mode_and_order(
1179 | |         &self,
1180 | |         mode: ScreenMode,
1181 | |         order: CatalogType
1182 | |     ) -> EntriesGrid {
     | |____________________^

warning: hiding a lifetime that's elided elsewhere is confusing
    --> cpclib-catart/src/entry.rs:1179:9
     |
1179 |         &self,
     |         ^^^^^ the lifetime is elided here
...
1182 |     ) -> EntriesGrid {
     |          ^^^^^^^^^^^ the same lifetime is hidden here
     |
     = help: the same lifetime is referred to in inconsistent ways, making the signature confusing
     = note: `#[warn(mismatched_lifetime_syntaxes)]` on by default
help: use `'_` for type paths
     |
1182 |     ) -> EntriesGrid<'_> {
     |                     ++++

warning: missing documentation for a method
    --> cpclib-catart/src/entry.rs:1220:5
     |
1220 | /     pub fn commands_by_mode_and_order(
1221 | |         &self,
1222 | |         mode: ScreenMode,
1223 | |         order: CatalogType
1224 | |     ) -> CharCommandList {
     | |________________________^

warning: missing documentation for a method
    --> cpclib-catart/src/entry.rs:1228:5
     |
1228 | /     pub fn commands_by_mode_and_order_with_params(
1229 | |         &self,
1230 | |         mode: ScreenMode,
1231 | |         order: CatalogType,
1232 | |         show_headers: bool
1233 | |     ) -> CharCommandList {
     | |________________________^

warning: missing documentation for an enum
    --> cpclib-catart/src/entry.rs:1284:1
     |
1284 | pub enum EntryConstraintItem {
     | ^^^^^^^^^^^^^^^^^^^^^^^^^^^^

warning: missing documentation for a variant
    --> cpclib-catart/src/entry.rs:1285:5
     |
1285 |     Mode,   // Mode command is expected
     |     ^^^^

warning: missing documentation for a variant
    --> cpclib-catart/src/entry.rs:1286:5
     |
1286 |     Locate, // Locate command is expected
     |     ^^^^^^

warning: missing documentation for a variant
    --> cpclib-catart/src/entry.rs:1287:5
     |
1287 |     Pen,    // Pen command is expected
     |     ^^^

warning: missing documentation for a variant
    --> cpclib-catart/src/entry.rs:1288:5
     |
1288 |     Any(usize)
     |     ^^^

warning: missing documentation for a method
    --> cpclib-catart/src/entry.rs:1292:5
     |
1292 |     pub fn respect(&self, cmd: &CharCommand) -> bool {
     |     ^^^^^^^^^^^^^^^^^^^^^^^^^^^^^^^^^^^^^^^^^^^^^^^^

warning: missing documentation for a method
    --> cpclib-catart/src/entry.rs:1301:5
     |
1301 |     pub fn consume(self, cmd: &CharCommand) -> Option<EntryConstraintItem> {
     |     ^^^^^^^^^^^^^^^^^^^^^^^^^^^^^^^^^^^^^^^^^^^^^^^^^^^^^^^^^^^^^^^^^^^^^^

warning: missing documentation for a method
    --> cpclib-catart/src/entry.rs:1344:5
     |
1344 |     pub fn skip_first_byte(&self) -> bool {
     |     ^^^^^^^^^^^^^^^^^^^^^^^^^^^^^^^^^^^^^

warning: missing documentation for a struct
    --> cpclib-catart/src/entry.rs:1352:1
     |
1352 | pub struct EntryConstraint {
     | ^^^^^^^^^^^^^^^^^^^^^^^^^^

warning: missing documentation for a method
    --> cpclib-catart/src/entry.rs:1365:5
     |
1365 |     pub fn real_size(&self) -> usize {
     |     ^^^^^^^^^^^^^^^^^^^^^^^^^^^^^^^^

warning: missing documentation for a method
    --> cpclib-catart/src/entry.rs:1369:5
     |
1369 |     pub fn encoded_size(&self) -> usize {
     |     ^^^^^^^^^^^^^^^^^^^^^^^^^^^^^^^^^^^

warning: missing documentation for a method
    --> cpclib-catart/src/entry.rs:1373:5
     |
1373 |     pub fn iter(&self) -> impl Iterator<Item = &EntryConstraintItem> {
     |     ^^^^^^^^^^^^^^^^^^^^^^^^^^^^^^^^^^^^^^^^^^^^^^^^^^^^^^^^^^^^^^^^

warning: missing documentation for a method
    --> cpclib-catart/src/entry.rs:1410:5
     |
1410 |     pub fn consume_with_nops(mut self) -> usize {
     |     ^^^^^^^^^^^^^^^^^^^^^^^^^^^^^^^^^^^^^^^^^^^

warning: missing documentation for a variant
    --> cpclib-catart/src/entry.rs:1427:5
     |
1427 |     SequentialFirstWithMode(DotHiding),
     |     ^^^^^^^^^^^^^^^^^^^^^^^

warning: missing documentation for a variant
    --> cpclib-catart/src/entry.rs:1429:5
     |
1429 |     SequentialFirstWithoutMode(DotHiding),
     |     ^^^^^^^^^^^^^^^^^^^^^^^^^^

warning: missing documentation for a variant
    --> cpclib-catart/src/entry.rs:1431:5
     |
1431 |     SequentialBasic(DotHiding),
     |     ^^^^^^^^^^^^^^^

warning: missing documentation for a variant
    --> cpclib-catart/src/entry.rs:1433:5
     |
1433 |     UnsortedHomogeneous(DotHiding),
     |     ^^^^^^^^^^^^^^^^^^^

warning: missing documentation for a variant
    --> cpclib-catart/src/entry.rs:1435:5
     |
1435 |     UnsortedHeterogeneousFirst(DotHiding),
     |     ^^^^^^^^^^^^^^^^^^^^^^^^^^

warning: missing documentation for a variant
    --> cpclib-catart/src/entry.rs:1437:5
     |
1437 |     UnsortedHeterogeneousBaseColor(DotHiding),
     |     ^^^^^^^^^^^^^^^^^^^^^^^^^^^^^^

warning: missing documentation for a variant
    --> cpclib-catart/src/entry.rs:1439:5
     |
1439 |     UnsortedHeterogeneousAdditionalColor(DotHiding)
     |     ^^^^^^^^^^^^^^^^^^^^^^^^^^^^^^^^^^^^

warning: missing documentation for a method
    --> cpclib-catart/src/entry.rs:1443:5
     |
1443 |     pub fn requires_mode_as_first_command(&self) -> bool {
     |     ^^^^^^^^^^^^^^^^^^^^^^^^^^^^^^^^^^^^^^^^^^^^^^^^^^^^

warning: missing documentation for a method
    --> cpclib-catart/src/entry.rs:1506:5
     |
1506 |     pub fn build_entry(&self, cmds: &[CharCommand], index: Option<u8>) -> PrintableEntryFileName {
     |     ^^^^^^^^^^^^^^^^^^^^^^^^^^^^^^^^^^^^^^^^^^^^^^^^^^^^^^^^^^^^^^^^^^^^^^^^^^^^^^^^^^^^^^^^^^^^

warning: missing documentation for a method
    --> cpclib-catart/src/entry.rs:1610:5
     |
1610 |     pub fn constraint(&self) -> EntryConstraint {
     |     ^^^^^^^^^^^^^^^^^^^^^^^^^^^^^^^^^^^^^^^^^^^

warning: missing documentation for an associated function
    --> cpclib-catart/src/entry.rs:1683:5
     |
1683 |     pub fn new() -> Self {
     |     ^^^^^^^^^^^^^^^^^^^^

warning: missing documentation for a method
    --> cpclib-catart/src/entry.rs:1794:5
     |
1794 | /     pub fn index_entries(
1795 | |         &self,
1796 | |         entries: Vec<PrintableEntryFileName>,
1797 | |         start_mode: ScreenMode
1798 | |     ) -> UnifiedCatalog {
     | |_______________________^

warning: missing documentation for a struct
 --> cpclib-catart/src/interpret.rs:5:1
  |
5 | pub struct Cursor {
  | ^^^^^^^^^^^^^^^^^

warning: missing documentation for a struct field
 --> cpclib-catart/src/interpret.rs:6:5
  |
6 |     pub x: u16,
  |     ^^^^^^^^^^

warning: missing documentation for a struct field
 --> cpclib-catart/src/interpret.rs:7:5
  |
7 |     pub y: u16,
  |     ^^^^^^^^^^

warning: missing documentation for a struct field
 --> cpclib-catart/src/interpret.rs:8:5
  |
8 |     pub visible: bool
  |     ^^^^^^^^^^^^^^^^^

warning: missing documentation for an associated function
  --> cpclib-catart/src/interpret.rs:12:5
   |
12 |     pub fn new() -> Self {
   |     ^^^^^^^^^^^^^^^^^^^^

warning: missing documentation for a method
  --> cpclib-catart/src/interpret.rs:20:5
   |
20 |     pub fn locate(&mut self, x: u16, y: u16, mode: &Mode) {
   |     ^^^^^^^^^^^^^^^^^^^^^^^^^^^^^^^^^^^^^^^^^^^^^^^^^^^^^

warning: missing documentation for a method
  --> cpclib-catart/src/interpret.rs:26:5
   |
26 |     pub fn inc_x(&mut self, mode: &Mode) {
   |     ^^^^^^^^^^^^^^^^^^^^^^^^^^^^^^^^^^^^

warning: missing documentation for a method
  --> cpclib-catart/src/interpret.rs:35:5
   |
35 |     pub fn dec_x(&mut self, mode: &Mode) {
   |     ^^^^^^^^^^^^^^^^^^^^^^^^^^^^^^^^^^^^

warning: missing documentation for a method
  --> cpclib-catart/src/interpret.rs:46:5
   |
46 |     pub fn inc_y(&mut self, mode: &Mode) {
   |     ^^^^^^^^^^^^^^^^^^^^^^^^^^^^^^^^^^^^

warning: missing documentation for a method
  --> cpclib-catart/src/interpret.rs:54:5
   |
54 |     pub fn dec_y(&mut self, _mode: &Mode) {
   |     ^^^^^^^^^^^^^^^^^^^^^^^^^^^^^^^^^^^^^

warning: missing documentation for an enum
   --> cpclib-catart/src/interpret.rs:112:1
    |
112 | pub enum Mode {
    | ^^^^^^^^^^^^^

warning: missing documentation for a variant
   --> cpclib-catart/src/interpret.rs:113:5
    |
113 |     Mode0,
    |     ^^^^^

warning: missing documentation for a variant
   --> cpclib-catart/src/interpret.rs:114:5
    |
114 |     Mode1,
    |     ^^^^^

warning: missing documentation for a variant
   --> cpclib-catart/src/interpret.rs:115:5
    |
115 |     Mode2
    |     ^^^^^

warning: missing documentation for a method
   --> cpclib-catart/src/interpret.rs:128:5
    |
128 |     pub fn buffer(&self) -> Vec<Vec<u8>> {
    |     ^^^^^^^^^^^^^^^^^^^^^^^^^^^^^^^^^^^^

warning: missing documentation for a method
   --> cpclib-catart/src/interpret.rs:142:5
    |
142 |     pub fn max_pens(&self) -> usize {
    |     ^^^^^^^^^^^^^^^^^^^^^^^^^^^^^^^

warning: missing documentation for a method
   --> cpclib-catart/src/interpret.rs:221:5
    |
221 |     pub fn reset_mode(&mut self, mode: cpclib_image::image::Mode, pen: Pen, paper: Pen) {
    |     ^^^^^^^^^^^^^^^^^^^^^^^^^^^^^^^^^^^^^^^^^^^^^^^^^^^^^^^^^^^^^^^^^^^^^^^^^^^^^^^^^^^

warning: missing documentation for a method
   --> cpclib-catart/src/interpret.rs:227:5
    |
227 |     pub fn cls(&mut self, _pen: Pen, paper: Pen) {
    |     ^^^^^^^^^^^^^^^^^^^^^^^^^^^^^^^^^^^^^^^^^^^^

warning: missing documentation for a method
   --> cpclib-catart/src/interpret.rs:442:5
    |
442 |     pub fn to_color_matrix(&self) -> Option<cpclib_image::image::ColorMatrix> {
    |     ^^^^^^^^^^^^^^^^^^^^^^^^^^^^^^^^^^^^^^^^^^^^^^^^^^^^^^^^^^^^^^^^^^^^^^^^^

warning: missing documentation for a struct
   --> cpclib-catart/src/interpret.rs:601:1
    |
601 | pub struct ScreenCell {
    | ^^^^^^^^^^^^^^^^^^^^^

warning: missing documentation for a struct field
   --> cpclib-catart/src/interpret.rs:602:5
    |
602 |     pub ch: u8,
    |     ^^^^^^^^^^

warning: missing documentation for a struct field
   --> cpclib-catart/src/interpret.rs:603:5
    |
603 |     pub pen: Pen,
    |     ^^^^^^^^^^^^

warning: missing documentation for a struct field
   --> cpclib-catart/src/interpret.rs:604:5
    |
604 |     pub paper: Pen
    |     ^^^^^^^^^^^^^^

warning: missing documentation for an associated function
   --> cpclib-catart/src/interpret.rs:608:5
    |
608 |     pub fn make(ch: u8, pen: Pen, paper: Pen) -> Self {
    |     ^^^^^^^^^^^^^^^^^^^^^^^^^^^^^^^^^^^^^^^^^^^^^^^^^

warning: missing documentation for a struct
   --> cpclib-catart/src/interpret.rs:614:1
    |
614 | pub struct Screen {
    | ^^^^^^^^^^^^^^^^^

warning: missing documentation for a method
   --> cpclib-catart/src/interpret.rs:620:5
    |
620 |     pub fn reset_mode(&mut self, mode: Mode, pen: Pen, paper: Pen) {
    |     ^^^^^^^^^^^^^^^^^^^^^^^^^^^^^^^^^^^^^^^^^^^^^^^^^^^^^^^^^^^^^^

warning: missing documentation for a method
   --> cpclib-catart/src/interpret.rs:625:5
    |
625 |     pub fn cls(&mut self, pen: Pen, paper: Pen) {
    |     ^^^^^^^^^^^^^^^^^^^^^^^^^^^^^^^^^^^^^^^^^^^

warning: missing documentation for a method
   --> cpclib-catart/src/interpret.rs:629:5
    |
629 |     pub fn resolution(&self) -> (u16, u16) {
    |     ^^^^^^^^^^^^^^^^^^^^^^^^^^^^^^^^^^^^^^

warning: missing documentation for a method
   --> cpclib-catart/src/interpret.rs:638:5
    |
638 |     pub fn cell_mut(&mut self, x: u16, y: u16) -> Option<&mut ScreenCell> {
    |     ^^^^^^^^^^^^^^^^^^^^^^^^^^^^^^^^^^^^^^^^^^^^^^^^^^^^^^^^^^^^^^^^^^^^^

warning: missing documentation for a method
   --> cpclib-catart/src/interpret.rs:648:5
    |
648 |     pub fn cell(&self, x: u16, y: u16) -> Option<&ScreenCell> {
    |     ^^^^^^^^^^^^^^^^^^^^^^^^^^^^^^^^^^^^^^^^^^^^^^^^^^^^^^^^^

warning: missing documentation for an associated function
   --> cpclib-catart/src/interpret.rs:691:5
    |
691 |     pub fn new_6128() -> Self {
    |     ^^^^^^^^^^^^^^^^^^^^^^^^^

warning: missing documentation for a method
   --> cpclib-catart/src/interpret.rs:751:5
    |
751 |     pub fn inc_cursor_x(&mut self) {
    |     ^^^^^^^^^^^^^^^^^^^^^^^^^^^^^^

warning: missing documentation for a method
   --> cpclib-catart/src/interpret.rs:764:5
    |
764 |     pub fn dec_cursor_x(&mut self) {
    |     ^^^^^^^^^^^^^^^^^^^^^^^^^^^^^^

warning: missing documentation for a method
   --> cpclib-catart/src/interpret.rs:780:5
    |
780 |     pub fn inc_cursor_y(&mut self) {
    |     ^^^^^^^^^^^^^^^^^^^^^^^^^^^^^^

warning: missing documentation for a method
   --> cpclib-catart/src/interpret.rs:793:5
    |
793 |     pub fn dec_cursor_y(&mut self) {
    |     ^^^^^^^^^^^^^^^^^^^^^^^^^^^^^^

warning: missing documentation for a method
   --> cpclib-catart/src/interpret.rs:803:5
    |
803 |     pub fn locate_cursor(&mut self, x: u16, y: u16) {
    |     ^^^^^^^^^^^^^^^^^^^^^^^^^^^^^^^^^^^^^^^^^^^^^^^

warning: missing documentation for a method
   --> cpclib-catart/src/interpret.rs:812:5
    |
812 |     pub fn move_cursor_to_left(&mut self) {
    |     ^^^^^^^^^^^^^^^^^^^^^^^^^^^^^^^^^^^^^

warning: missing documentation for a method
   --> cpclib-catart/src/interpret.rs:841:5
    |
841 |     pub fn scroll_screen_up(&mut self) {
    |     ^^^^^^^^^^^^^^^^^^^^^^^^^^^^^^^^^^

warning: missing documentation for a method
   --> cpclib-catart/src/interpret.rs:906:5
    |
906 |     pub fn scroll_screen_down(&mut self) {
    |     ^^^^^^^^^^^^^^^^^^^^^^^^^^^^^^^^^^^^

warning: missing documentation for a method
   --> cpclib-catart/src/interpret.rs:947:5
    |
947 | /     pub fn interpret<'a, I>(&mut self, commands: I, print_ready: bool) -> Result<(), String>
948 | |     where I: IntoIterator<Item = &'a CharCommand> {
    | |_________________________________________________^

warning: missing documentation for a method
   --> cpclib-catart/src/interpret.rs:995:5
    |
995 |     pub fn mode(&self) -> Mode {
    |     ^^^^^^^^^^^^^^^^^^^^^^^^^^

warning: missing documentation for a method
    --> cpclib-catart/src/interpret.rs:1000:5
     |
1000 |     pub fn interpret_command(&mut self, command: &CharCommand) -> Result<(), String> {
     |     ^^^^^^^^^^^^^^^^^^^^^^^^^^^^^^^^^^^^^^^^^^^^^^^^^^^^^^^^^^^^^^^^^^^^^^^^^^^^^^^^

warning: missing documentation for an associated function
   --> cpclib-catart/src/interpret.rs:700:5
    |
700 | /     pub fn new(screen_mode: Mode, locale: Locale, as_6128: bool) -> Self {
701 | |         let pen = Pen::Pen1;
702 | |         let paper = Pen::Pen0;
703 | |         let palette = Palette::default();
...   |
727 | |         interpreter
728 | |     }
    | |_____^

warning: `cpclib-catart` (lib) generated 219 warnings (run `cargo fix --lib -p cpclib-catart` to apply 47 suggestions)
warning: enum `XferCommand` is never used
 --> cpclib-xfertool/src/parser.rs:9:17
  |
9 | pub(crate) enum XferCommand {
  |                 ^^^^^^^^^^^
  |
  = note: `#[warn(dead_code)]` (part of `#[warn(unused)]`) on by default

warning: function `ls_path` is never used
  --> cpclib-xfertool/src/parser.rs:32:4
   |
32 | fn ls_path(input: &mut &str) -> ModalResult<XferCommand> {
   |    ^^^^^^^

warning: function `ls_no_path` is never used
  --> cpclib-xfertool/src/parser.rs:38:4
   |
38 | fn ls_no_path(input: &mut &str) -> ModalResult<XferCommand> {
   |    ^^^^^^^^^^

warning: function `ls` is never used
  --> cpclib-xfertool/src/parser.rs:44:4
   |
44 | fn ls(input: &mut &str) -> ModalResult<XferCommand> {
   |    ^^

warning: function `cd_path` is never used
  --> cpclib-xfertool/src/parser.rs:48:4
   |
48 | fn cd_path(input: &mut &str) -> ModalResult<XferCommand> {
   |    ^^^^^^^

warning: function `cd_no_path` is never used
  --> cpclib-xfertool/src/parser.rs:54:4
   |
54 | fn cd_no_path(input: &mut &str) -> ModalResult<XferCommand> {
   |    ^^^^^^^^^^

warning: function `cd` is never used
  --> cpclib-xfertool/src/parser.rs:60:4
   |
60 | fn cd(input: &mut &str) -> ModalResult<XferCommand> {
   |    ^^

warning: function `launch` is never used
  --> cpclib-xfertool/src/parser.rs:64:4
   |
64 | fn launch(input: &mut &str) -> ModalResult<XferCommand> {
   |    ^^^^^^

warning: function `local` is never used
  --> cpclib-xfertool/src/parser.rs:70:4
   |
70 | fn local(input: &mut &str) -> ModalResult<XferCommand> {
   |    ^^^^^

warning: function `put` is never used
  --> cpclib-xfertool/src/parser.rs:77:4
   |
77 | fn put(input: &mut &str) -> ModalResult<XferCommand> {
   |    ^^^

warning: function `rm` is never used
  --> cpclib-xfertool/src/parser.rs:87:4
   |
87 | fn rm(input: &mut &str) -> ModalResult<XferCommand> {
   |    ^^

warning: function `no_arg` is never used
   --> cpclib-xfertool/src/parser.rs:104:4
    |
104 | fn no_arg(input: &mut &str) -> ModalResult<XferCommand> {
    |    ^^^^^^

warning: function `parse_command` is never used
   --> cpclib-xfertool/src/parser.rs:117:15
    |
117 | pub(crate) fn parse_command(input: &mut &str) -> ModalResult<XferCommand> {
    |               ^^^^^^^^^^^^^

warning: unused import: `cpcemu::*`
  --> cpclib-runner/src/runner/emulator.rs:22:9
   |
22 | pub use cpcemu::*;
   |         ^^^^^^^^^
   |
   = note: `#[warn(unused_imports)]` (part of `#[warn(unused)]`) on by default

warning: unused import: `retrovm::*`
  --> cpclib-runner/src/runner/emulator.rs:24:9
   |
24 | pub use retrovm::*;
   |         ^^^^^^^^^^

warning: variant `V_2_0` should have an upper camel case name
  --> cpclib-runner/src/runner/hspcompiler.rs:13:5
   |
13 |     V_2_0 // V2_2_5
   |     ^^^^^ help: convert the identifier to upper camel case: `V2_0`
   |
   = note: `#[warn(non_camel_case_types)]` (part of `#[warn(nonstandard_style)]`) on by default

warning: unreachable statement
   --> cpclib-runner/src/runner/runner.rs:336:9
    |
326 | /             return if status.success() {
327 | |                 Ok(())
328 | |             }
329 | |             else {
330 | |                 Err("Error while launching the command.".to_owned())
331 | |             };
    | |_____________- any code following this expression is unreachable
...
336 |           let pty_system = native_pty_system();
    |           ^^^^^^^^^^^^^^^^^^^^^^^^^^^^^^^^^^^^^ unreachable statement
    |
    = note: `#[warn(unreachable_code)]` (part of `#[warn(unused)]`) on by default

warning: type `RobotImpl<AceUsedEmulator>` is more private than the item `Robot::Ace::0`
    --> cpclib-runner/src/emucontrol.rs:1162:9
     |
1162 |     Ace(RobotImpl<AceUsedEmulator>),
     |         ^^^^^^^^^^^^^^^^^^^^^^^^^^ field `Robot::Ace::0` is reachable at visibility `pub`
     |
note: but type `RobotImpl<AceUsedEmulator>` is only usable at visibility `pub(self)`
    --> cpclib-runner/src/emucontrol.rs:1140:1
     |
1140 | struct RobotImpl<E: UsedEmulator> {
     | ^^^^^^^^^^^^^^^^^^^^^^^^^^^^^^^^^
     = note: `#[warn(private_interfaces)]` on by default

warning: type `AceUsedEmulator` is more private than the item `Robot::Ace::0`
    --> cpclib-runner/src/emucontrol.rs:1162:9
     |
1162 |     Ace(RobotImpl<AceUsedEmulator>),
     |         ^^^^^^^^^^^^^^^^^^^^^^^^^^ field `Robot::Ace::0` is reachable at visibility `pub`
     |
note: but type `AceUsedEmulator` is only usable at visibility `pub(self)`
    --> cpclib-runner/src/emucontrol.rs:1080:1
     |
1080 | struct AceUsedEmulator {}
     | ^^^^^^^^^^^^^^^^^^^^^^

warning: type `RobotImpl<CpcecUsedEmulator>` is more private than the item `Robot::Cpcec::0`
    --> cpclib-runner/src/emucontrol.rs:1163:11
     |
1163 |     Cpcec(RobotImpl<CpcecUsedEmulator>),
     |           ^^^^^^^^^^^^^^^^^^^^^^^^^^^^ field `Robot::Cpcec::0` is reachable at visibility `pub`
     |
note: but type `RobotImpl<CpcecUsedEmulator>` is only usable at visibility `pub(self)`
    --> cpclib-runner/src/emucontrol.rs:1140:1
     |
1140 | struct RobotImpl<E: UsedEmulator> {
     | ^^^^^^^^^^^^^^^^^^^^^^^^^^^^^^^^^

warning: type `CpcecUsedEmulator` is more private than the item `Robot::Cpcec::0`
    --> cpclib-runner/src/emucontrol.rs:1163:11
     |
1163 |     Cpcec(RobotImpl<CpcecUsedEmulator>),
     |           ^^^^^^^^^^^^^^^^^^^^^^^^^^^^ field `Robot::Cpcec::0` is reachable at visibility `pub`
     |
note: but type `CpcecUsedEmulator` is only usable at visibility `pub(self)`
    --> cpclib-runner/src/emucontrol.rs:1081:1
     |
1081 | struct CpcecUsedEmulator {}
     | ^^^^^^^^^^^^^^^^^^^^^^^^

warning: type `RobotImpl<WinapeUsedEmulator>` is more private than the item `Robot::Winape::0`
    --> cpclib-runner/src/emucontrol.rs:1164:12
     |
1164 |     Winape(RobotImpl<WinapeUsedEmulator>),
     |            ^^^^^^^^^^^^^^^^^^^^^^^^^^^^^ field `Robot::Winape::0` is reachable at visibility `pub`
     |
note: but type `RobotImpl<WinapeUsedEmulator>` is only usable at visibility `pub(self)`
    --> cpclib-runner/src/emucontrol.rs:1140:1
     |
1140 | struct RobotImpl<E: UsedEmulator> {
     | ^^^^^^^^^^^^^^^^^^^^^^^^^^^^^^^^^

warning: type `WinapeUsedEmulator` is more private than the item `Robot::Winape::0`
    --> cpclib-runner/src/emucontrol.rs:1164:12
     |
1164 |     Winape(RobotImpl<WinapeUsedEmulator>),
     |            ^^^^^^^^^^^^^^^^^^^^^^^^^^^^^ field `Robot::Winape::0` is reachable at visibility `pub`
     |
note: but type `WinapeUsedEmulator` is only usable at visibility `pub(self)`
    --> cpclib-runner/src/emucontrol.rs:1082:1
     |
1082 | struct WinapeUsedEmulator {}
     | ^^^^^^^^^^^^^^^^^^^^^^^^^

warning: type `RobotImpl<AmspiritUsedEmulator>` is more private than the item `Robot::Amspirit::0`
    --> cpclib-runner/src/emucontrol.rs:1165:14
     |
1165 |     Amspirit(RobotImpl<AmspiritUsedEmulator>),
     |              ^^^^^^^^^^^^^^^^^^^^^^^^^^^^^^^ field `Robot::Amspirit::0` is reachable at visibility `pub`
     |
note: but type `RobotImpl<AmspiritUsedEmulator>` is only usable at visibility `pub(self)`
    --> cpclib-runner/src/emucontrol.rs:1140:1
     |
1140 | struct RobotImpl<E: UsedEmulator> {
     | ^^^^^^^^^^^^^^^^^^^^^^^^^^^^^^^^^

warning: type `AmspiritUsedEmulator` is more private than the item `Robot::Amspirit::0`
    --> cpclib-runner/src/emucontrol.rs:1165:14
     |
1165 |     Amspirit(RobotImpl<AmspiritUsedEmulator>),
     |              ^^^^^^^^^^^^^^^^^^^^^^^^^^^^^^^ field `Robot::Amspirit::0` is reachable at visibility `pub`
     |
note: but type `AmspiritUsedEmulator` is only usable at visibility `pub(self)`
    --> cpclib-runner/src/emucontrol.rs:1083:1
     |
1083 | struct AmspiritUsedEmulator {}
     | ^^^^^^^^^^^^^^^^^^^^^^^^^^^

warning: type `RobotImpl<SugarBoxV2UsedEmulator>` is more private than the item `Robot::SugarboxV2::0`
    --> cpclib-runner/src/emucontrol.rs:1166:16
     |
1166 |     SugarboxV2(RobotImpl<SugarBoxV2UsedEmulator>),
     |                ^^^^^^^^^^^^^^^^^^^^^^^^^^^^^^^^^ field `Robot::SugarboxV2::0` is reachable at visibility `pub`
     |
note: but type `RobotImpl<SugarBoxV2UsedEmulator>` is only usable at visibility `pub(self)`
    --> cpclib-runner/src/emucontrol.rs:1140:1
     |
1140 | struct RobotImpl<E: UsedEmulator> {
     | ^^^^^^^^^^^^^^^^^^^^^^^^^^^^^^^^^

warning: type `SugarBoxV2UsedEmulator` is more private than the item `Robot::SugarboxV2::0`
    --> cpclib-runner/src/emucontrol.rs:1166:16
     |
1166 |     SugarboxV2(RobotImpl<SugarBoxV2UsedEmulator>),
     |                ^^^^^^^^^^^^^^^^^^^^^^^^^^^^^^^^^ field `Robot::SugarboxV2::0` is reachable at visibility `pub`
     |
note: but type `SugarBoxV2UsedEmulator` is only usable at visibility `pub(self)`
    --> cpclib-runner/src/emucontrol.rs:1084:1
     |
1084 | struct SugarBoxV2UsedEmulator {}
     | ^^^^^^^^^^^^^^^^^^^^^^^^^^^^^

warning: type `RobotImpl<CpcEmuPowerUsedEmulator>` is more private than the item `Robot::CpcEmuPower::0`
    --> cpclib-runner/src/emucontrol.rs:1167:17
     |
1167 |     CpcEmuPower(RobotImpl<CpcEmuPowerUsedEmulator>),
     |                 ^^^^^^^^^^^^^^^^^^^^^^^^^^^^^^^^^^ field `Robot::CpcEmuPower::0` is reachable at visibility `pub`
     |
note: but type `RobotImpl<CpcEmuPowerUsedEmulator>` is only usable at visibility `pub(self)`
    --> cpclib-runner/src/emucontrol.rs:1140:1
     |
1140 | struct RobotImpl<E: UsedEmulator> {
     | ^^^^^^^^^^^^^^^^^^^^^^^^^^^^^^^^^

warning: type `CpcEmuPowerUsedEmulator` is more private than the item `Robot::CpcEmuPower::0`
    --> cpclib-runner/src/emucontrol.rs:1167:17
     |
1167 |     CpcEmuPower(RobotImpl<CpcEmuPowerUsedEmulator>),
     |                 ^^^^^^^^^^^^^^^^^^^^^^^^^^^^^^^^^^ field `Robot::CpcEmuPower::0` is reachable at visibility `pub`
     |
note: but type `CpcEmuPowerUsedEmulator` is only usable at visibility `pub(self)`
    --> cpclib-runner/src/emucontrol.rs:1085:1
     |
1085 | struct CpcEmuPowerUsedEmulator {}
     | ^^^^^^^^^^^^^^^^^^^^^^^^^^^^^^

warning: type `RobotImpl<CpcEmuUsedEmulator>` is more private than the item `Robot::CpcEmu::0`
    --> cpclib-runner/src/emucontrol.rs:1168:12
     |
1168 |     CpcEmu(RobotImpl<CpcEmuUsedEmulator>),
     |            ^^^^^^^^^^^^^^^^^^^^^^^^^^^^^ field `Robot::CpcEmu::0` is reachable at visibility `pub`
     |
note: but type `RobotImpl<CpcEmuUsedEmulator>` is only usable at visibility `pub(self)`
    --> cpclib-runner/src/emucontrol.rs:1140:1
     |
1140 | struct RobotImpl<E: UsedEmulator> {
     | ^^^^^^^^^^^^^^^^^^^^^^^^^^^^^^^^^

warning: type `CpcEmuUsedEmulator` is more private than the item `Robot::CpcEmu::0`
    --> cpclib-runner/src/emucontrol.rs:1168:12
     |
1168 |     CpcEmu(RobotImpl<CpcEmuUsedEmulator>),
     |            ^^^^^^^^^^^^^^^^^^^^^^^^^^^^^ field `Robot::CpcEmu::0` is reachable at visibility `pub`
     |
note: but type `CpcEmuUsedEmulator` is only usable at visibility `pub(self)`
    --> cpclib-runner/src/emucontrol.rs:1086:1
     |
1086 | struct CpcEmuUsedEmulator {}
     | ^^^^^^^^^^^^^^^^^^^^^^^^^

warning: type `RobotImpl<RetroVmUsedEmulator>` is more private than the item `Robot::RetroVm::0`
    --> cpclib-runner/src/emucontrol.rs:1169:13
     |
1169 |     RetroVm(RobotImpl<RetroVmUsedEmulator>),
     |             ^^^^^^^^^^^^^^^^^^^^^^^^^^^^^^ field `Robot::RetroVm::0` is reachable at visibility `pub`
     |
note: but type `RobotImpl<RetroVmUsedEmulator>` is only usable at visibility `pub(self)`
    --> cpclib-runner/src/emucontrol.rs:1140:1
     |
1140 | struct RobotImpl<E: UsedEmulator> {
     | ^^^^^^^^^^^^^^^^^^^^^^^^^^^^^^^^^

warning: type `RetroVmUsedEmulator` is more private than the item `Robot::RetroVm::0`
    --> cpclib-runner/src/emucontrol.rs:1169:13
     |
1169 |     RetroVm(RobotImpl<RetroVmUsedEmulator>),
     |             ^^^^^^^^^^^^^^^^^^^^^^^^^^^^^^ field `Robot::RetroVm::0` is reachable at visibility `pub`
     |
note: but type `RetroVmUsedEmulator` is only usable at visibility `pub(self)`
    --> cpclib-runner/src/emucontrol.rs:1087:1
     |
1087 | struct RetroVmUsedEmulator {}
     | ^^^^^^^^^^^^^^^^^^^^^^^^^^

warning: type `RobotImpl<CapriceForeverUsedEmulator>` is more private than the item `Robot::CapriceForever::0`
    --> cpclib-runner/src/emucontrol.rs:1170:20
     |
1170 |     CapriceForever(RobotImpl<CapriceForeverUsedEmulator>)
     |                    ^^^^^^^^^^^^^^^^^^^^^^^^^^^^^^^^^^^^^ field `Robot::CapriceForever::0` is reachable at visibility `pub`
     |
note: but type `RobotImpl<CapriceForeverUsedEmulator>` is only usable at visibility `pub(self)`
    --> cpclib-runner/src/emucontrol.rs:1140:1
     |
1140 | struct RobotImpl<E: UsedEmulator> {
     | ^^^^^^^^^^^^^^^^^^^^^^^^^^^^^^^^^

warning: type `CapriceForeverUsedEmulator` is more private than the item `Robot::CapriceForever::0`
    --> cpclib-runner/src/emucontrol.rs:1170:20
     |
1170 |     CapriceForever(RobotImpl<CapriceForeverUsedEmulator>)
     |                    ^^^^^^^^^^^^^^^^^^^^^^^^^^^^^^^^^^^^^ field `Robot::CapriceForever::0` is reachable at visibility `pub`
     |
note: but type `CapriceForeverUsedEmulator` is only usable at visibility `pub(self)`
    --> cpclib-runner/src/emucontrol.rs:1089:1
     |
1089 | struct CapriceForeverUsedEmulator {}
     | ^^^^^^^^^^^^^^^^^^^^^^^^^^^^^^^^^

warning: type `WindowEventsManager` is more private than the item `Robot::new`
    --> cpclib-runner/src/emucontrol.rs:1375:5
     |
1375 | /     pub fn new(
1376 | |         emu: &Emulator,
1377 | |         window: Option<EmuWindow>,
1378 | |         eventsManager: WindowEventsManager
1379 | |     ) -> Self {
     | |_____________^ associated function `Robot::new` is reachable at visibility `pub`
     |
note: but type `WindowEventsManager` is only usable at visibility `pub(self)`
    --> cpclib-runner/src/emucontrol.rs:153:1
     |
 153 | enum WindowEventsManager {
     | ^^^^^^^^^^^^^^^^^^^^^^^^

warning: method `shift_char` is never used
   --> cpclib-runner/src/emucontrol.rs:322:12
    |
298 | impl WindowEventsManager {
    | ------------------------ method in this implementation
...
322 |     pub fn shift_char<K: Into<HostKey>>(&mut self, c: K) {
    |            ^^^^^^^^^^
    |
    = note: `#[warn(dead_code)]` (part of `#[warn(unused)]`) on by default

warning: field `transparent` is never read
   --> cpclib-runner/src/runner/runner.rs:128:5
    |
126 | pub struct ExternRunner<E: EventObserver> {
    |            ------------ field in this struct
127 |     in_dir: RunInDir,
128 |     transparent: bool,
    |     ^^^^^^^^^^^

warning: variable `eventsManager` should have a snake case name
    --> cpclib-runner/src/emucontrol.rs:1378:9
     |
1378 |         eventsManager: WindowEventsManager
     |         ^^^^^^^^^^^^^ help: convert the identifier to snake case: `events_manager`
     |
     = note: `#[warn(non_snake_case)]` (part of `#[warn(nonstandard_style)]`) on by default

warning: unreachable statement
   --> cpclib-basmdoc/src/lib.rs:227:29
    |
218 | / ...                   unreachable!(
219 | | ...                       "No explicit source item found for file: {}. This is an impossible case",
220 | | ...                       fname
221 | | ...                   );
    | |_______________________- any code following this expression is unreachable
...
227 |   ...                   let mut code = fs_err::read_to_string(&fname).unwrap_or_default();
    |                         ^^^^^^^^^^^^^^^^^^^^^^^^^^^^^^^^^^^^^^^^^^^^^^^^^^^^^^^^^^^^^^^^^^ unreachable statement
    |
    = note: `#[warn(unreachable_code)]` (part of `#[warn(unused)]`) on by default

warning: unreachable statement
   --> cpclib-basmdoc/src/lib.rs:271:29
    |
264 | / ...   unreachable!(
265 | | ...       "No explicit source item found for merged file: {}. This is an impossible case, we are not suppose...
266 | | ...       mf.source_file
267 | | ...   );
    | |_______- any code following this expression is unreachable
...
271 | / ...   let mut code =
272 | | ...       fs_err::read_to_string(&mf.source_file).unwrap_or_default();
    | |______________________________________________________________________^ unreachable statement

warning: associated function `normalize_path` is never used
   --> cpclib-basmdoc/src/lib.rs:974:8
    |
339 | impl DocumentationPage {
    | ---------------------- associated function in this implementation
...
974 |     fn normalize_path(path: &str) -> String {
    |        ^^^^^^^^^^^^^^
    |
    = note: `#[warn(dead_code)]` (part of `#[warn(unused)]`) on by default

warning: function `replace_symbol_in_text` is never used
   --> cpclib-basmdoc/src/syntax.rs:247:15
    |
247 | pub(crate) fn replace_symbol_in_text(text: &str, symbol: &str, key: &str) -> String {
    |               ^^^^^^^^^^^^^^^^^^^^^^

warning: field `length` is never read
   --> cpclib-bdasm/src/lib.rs:157:5
    |
155 | struct BdAsmEnv {
    |        -------- field in this struct
156 |     origin: Option<u16>,
157 |     length: Option<u16>,
    |     ^^^^^^
    |
    = note: `BdAsmEnv` has a derived impl for the trait `Debug`, but this is intentionally ignored during dead code analysis
    = note: `#[warn(dead_code)]` (part of `#[warn(unused)]`) on by default

warning: struct `DisassemblyStats` is never constructed
  --> cpclib-bdasm/src/analysis.rs:14:12
   |
14 | pub struct DisassemblyStats {
   |            ^^^^^^^^^^^^^^^^

warning: function `generate_xref` is never used
   --> cpclib-bdasm/src/analysis.rs:290:8
    |
290 | pub fn generate_xref(listing: &Listing) -> HashMap<String, Vec<u16>> {
    |        ^^^^^^^^^^^^^

warning: function `calculate_stats` is never used
   --> cpclib-bdasm/src/analysis.rs:325:8
    |
325 | pub fn calculate_stats(
    |        ^^^^^^^^^^^^^^^

warning: function `detect_cpc_strings` is never used
 --> cpclib-bdasm/src/cpc_strings.rs:7:8
  |
7 | pub fn detect_cpc_strings(bytes: &[u8], min_length: usize) -> Vec<(usize, usize)> {
  |        ^^^^^^^^^^^^^^^^^^

warning: unused variable: `show_progress`
   --> cpclib-basm/src/lib.rs:528:9
    |
528 |     let show_progress = matches.get_flag("PROGRESS");
    |         ^^^^^^^^^^^^^ help: if this is intentional, prefix it with an underscore: `_show_progress`
    |
    = note: `#[warn(unused_variables)]` (part of `#[warn(unused)]`) on by default

warning: `cpclib-xfertool` (lib) generated 13 warnings
warning: `cpclib-runner` (lib) generated 26 warnings (run `cargo fix --lib -p cpclib-runner` to apply 2 suggestions)
warning: `cpclib-basmdoc` (lib) generated 4 warnings
warning: `cpclib-bdasm` (lib) generated 5 warnings
warning: `cpclib-basm` (lib) generated 1 warning (run `cargo fix --lib -p cpclib-basm` to apply 1 suggestion)
warning: unused import: `Error`
 --> cpclib-imgconverter/src/lib.rs:3:20
  |
3 | use anyhow::{self, Error};
  |                    ^^^^^
  |
  = note: `#[warn(unused_imports)]` (part of `#[warn(unused)]`) on by default

warning: unused doc comment
   --> cpclib-imgconverter/src/lib.rs:844:9
    |
844 |           /// TODO manage the presence/absence of file in the dsk, the choice of filename and so on
    |           ^^^^^^^^^^^^^^^^^^^^^^^^^^^^^^^^^^^^^^^^^^^^^^^^^^^^^^^^^^^^^^^^^^^^^^^^^^^^^^^^^^^^^^^^^
845 | /         if sub_dsk.is_some() || sub_exec.is_some() {
846 | |             let code = match &conversion {
847 | |                 Output::CPCMemoryStandard(memory, pal) => {
848 | |                     standard_linked_code(output_mode, pal, memory)
...   |
910 | |         }
    | |_________- rustdoc does not generate documentation for expressions
    |
    = help: use `//` for a plain comment
    = note: `#[warn(unused_doc_comments)]` (part of `#[warn(unused)]`) on by default

warning: unused variable: `sub_m4`
    --> cpclib-imgconverter/src/lib.rs:1494:17
     |
1494 |     if let Some(sub_m4) = matches.subcommand_matches("m4") {
     |                 ^^^^^^ help: if this is intentional, prefix it with an underscore: `_sub_m4`
     |
     = note: `#[warn(unused_variables)]` (part of `#[warn(unused)]`) on by default

warning: function `lz4_compress` is never used
   --> cpclib-imgconverter/src/lib.rs:364:4
    |
364 | fn lz4_compress(bytes: &[u8]) -> Vec<u8> {
    |    ^^^^^^^^^^^^
    |
    = note: `#[warn(dead_code)]` (part of `#[warn(unused)]`) on by default

warning: function `overscan_display_code` is never used
   --> cpclib-imgconverter/src/lib.rs:524:4
    |
524 | fn overscan_display_code(mode: u8, crtc_width: usize, pal: &Palette) -> String {
    |    ^^^^^^^^^^^^^^^^^^^^^

warning: `cpclib-imgconverter` (lib) generated 5 warnings (run `cargo fix --lib -p cpclib-imgconverter` to apply 2 suggestions)
warning: unused import: `cpclib_common::itertools::Itertools`
 --> cpclib-bndbuild/src/task.rs:9:5
  |
9 | use cpclib_common::itertools::Itertools;
  |     ^^^^^^^^^^^^^^^^^^^^^^^^^^^^^^^^^^^
  |
  = note: `#[warn(unused_imports)]` (part of `#[warn(unused)]`) on by default

warning: value assigned to `skipped` is never read
   --> cpclib-bndbuild/src/builder.rs:530:27
    |
530 |         let mut skipped = false;
    |                           ^^^^^ this value is reassigned later and never used
...
544 |             skipped = done;
    |             -------------- `skipped` is overwritten here before the previous value is read
    |
    = note: `#[warn(unused_assignments)]` (part of `#[warn(unused)]`) on by default

warning: unnecessary `unsafe` block
   --> cpclib-bndbuild/src/task.rs:138:9
    |
138 | ...   unsafe { COUNTER.fetch_add(1, std::sync::atomic::Ordering::Relaxe...
    |       ^^^^^^ unnecessary `unsafe` block
    |
    = note: `#[warn(unused_unsafe)]` (part of `#[warn(unused)]`) on by default

warning: `cpclib-bndbuild` (lib) generated 3 warnings
warning: linker stderr: ld: building for macOS-11.0, but linking with dylib '/opt/homebrew/opt/xz/lib/liblzma.5.dylib' which was built for newer version 26.0
         ld: reducing alignment of section __DATA,__common from 0x8000 to 0x4000 because it exceeds segment maximum alignment
  |
  = note: `#[warn(linker_messages)]` on by default

warning: `cpclib-bndbuild` (bin "bndbuild") generated 1 warning
    Finished `dev` profile [unoptimized + debuginfo] target(s) in 0.36s
warning: the following packages contain code that will be rejected by a future version of Rust: binrw v0.15.0
note: to see what the problems were, use the option `--future-incompat-report`, or run `cargo report future-incompatibilities --id 1`
     Running `/Users/rgiot/Perso/CPC/rust.cpcdemotools/target/debug/bndbuild --direct cpcemu`
[31mFailure
Error while launching /Users/rgiot/Library/Caches/net.cpcscene.benediction.bnd-build/cpcemu_3_0_2/CPCemuMacOS.app/Contents/MacOS/CPCemuMacOS. No such file or directory (os error 2)[0m
